,pred,real
0,0.0,0.0
1,0.0,-0.3044107364702505
2,0.0,-0.2415022212135888
3,0.0,0.0111740747979677
4,0.0,-0.1618303344095847
5,0.0,-0.1237279729318078
6,0.0,0.0498012594010441
7,0.0,0.0685000213266409
8,0.0,-0.2281509931985414
9,0.0,-0.08112670109465
10,0.0,-0.081548671605306
11,0.0,-0.2082115308221411
12,0.0,-0.0038727504004258
13,0.0,-0.2664673721088713
14,0.0,-0.1745427485301913
15,0.0,0.0346670651350951
16,0.0,-0.1670589933343993
17,0.0,-0.0761022650040741
18,0.0,-0.1218081636685006
19,0.0,-0.1634317335182719
20,0.0,-0.0323724737231788
21,0.0,0.0915211650809875
22,0.0,-0.2171770918950031
23,0.0,-0.0273317643870756
24,0.0,0.1069107269184165
25,0.0,0.1691711134663599
26,0.0,0.1060041352717374
27,0.0,0.043086647943017
28,0.0,0.0070791208059679
29,0.0,-0.1140265985561218
30,0.0,0.1085558596392837
31,0.0,-0.1232766406074907
32,0.0,-0.1498881864414491
33,0.0,0.0303283577344331
34,0.0,-0.2223301814696921
35,0.0,-0.0508494181838347
36,0.0,-0.1175653186354169
37,0.0,-0.0703730766661815
38,0.0,-0.0314233540473233
39,0.0,0.0761559488375787
40,0.0,0.0633820888179627
41,0.0,0.0273926388864311
42,0.0,0.0967789612558766
43,0.0,-0.1437815339693859
44,0.0,-0.1138319226439256
45,0.0,-0.0405042983144988
46,0.0,-0.3976229370528579
47,0.0,0.099466821490062
48,0.0,-0.1735686522758926
49,0.0,-0.2198874840617626
50,0.0,0.0693730251763372
51,0.0,-0.1702942594898103
52,0.0,-0.141538186395247
53,0.0,0.0474178787753556
54,0.0,-0.1388376459386472
55,0.0,-0.1986457794249381
56,0.0,-0.0034653845197301
57,0.0,0.1007856552647584
58,0.0,-0.1141735488288069
59,0.0,0.0285384260536182
60,0.0,0.1162459079608047
61,0.0,-0.1692599490310046
62,0.0,-0.018796625155253
63,0.0,0.1083514902141518
64,0.0,-0.1711464821660473
65,0.0,0.0585499250587702
66,0.0,-0.0700865587551728
67,0.0,-0.1344012844928577
68,0.0,0.0742378094915202
69,0.0,-0.2152741855342634
70,0.0,0.0052758911145628
71,0.0,-0.0035605354726878
72,0.0,-0.216829446656012
73,0.0,0.2512696914495408
74,0.0,-0.1511955381935979
75,0.0,0.0444832445537713
76,0.0,0.115874793946935
77,0.0,-0.0319674646470494
78,0.0,-0.1231870513854503
79,0.0,-0.1791468932598594
80,0.0,0.0861208495092273
81,0.0,0.0580361516567309
82,0.0,-0.2187781557335126
83,0.0,0.0806670248375195
84,0.0,-0.1486690675898855
85,0.0,0.2150426920906248
86,0.0,0.0009804070095572
87,0.0,-0.1573937819901548
88,0.0,-0.0744459523948308
89,0.0,-0.1044872251028941
90,0.0,-0.2231935394627737
91,0.0,0.0035768368100413
92,0.0,-0.1212110778741501
93,0.0,-0.1121620656807098
94,0.0,-0.0218134342694779
95,0.0,0.0148495569451264
96,0.0,-0.2289347240769059
97,0.0,0.037803862818956
98,0.0,0.0918721988355988
99,0.0,-0.2169898207360689
100,0.0,0.0183190939937606
101,0.0,-0.0373069442132962
102,0.0,-0.2090395559720784
103,0.0,0.0650923313011621
104,0.0,-0.0005481286887663
105,0.0,-0.2169904389339029
106,0.0,0.0270685107392969
107,0.0,-0.1190330831958179
108,0.0,-0.2164367755488909
109,0.0,-0.0583426680287469
110,0.0,-0.0828599197365862
111,0.0,-0.1898762059786989
112,0.0,0.052277629697027
113,0.0,-0.0999854764230068
114,0.0,-0.0871446607764343
115,0.0,0.1929462421246756
116,0.0,-0.0841028734620945
117,0.0,0.057800735458998
118,0.0,0.1293893964649436
119,0.0,0.067473562291487
120,0.0,-0.2227290659886973
121,0.0,0.2239544500673979
122,0.0,0.1543707381167125
123,0.0,-0.2227315250291789
124,-0.014062499999999981,-0.0272845613749113
125,0.1265625,-0.0893116108139617
126,-0.11250000000000002,-0.2170870550886538
127,-0.11250000000000002,-0.0357961173849637
128,-0.11250000000000002,-0.2178172004099089
129,-0.11250000000000002,-0.2188904633070548
130,-0.11250000000000002,0.0639426805812837
131,-0.11250000000000002,-0.1817469171205005
132,-0.11250000000000002,-0.1837989232790389
133,-0.11250000000000002,-0.0626751067338767
134,-0.11250000000000002,0.0542789520420968
135,-0.11250000000000002,-0.228716774197044
136,-0.11250000000000002,0.0042513686522079
137,-0.11250000000000002,-0.349382954703504
138,-0.11250000000000002,0.0561985601868624
139,-0.11250000000000002,-0.1992483936953219
140,-0.11250000000000002,-0.1485822273052708
141,-0.11250000000000002,-0.21951625482084
142,-0.11250000000000002,0.0278717155092345
143,-0.11250000000000002,-0.4174488828046726
144,0.05624999999999997,-0.0291686486765603
145,0.04218749999999999,-0.0547734133010984
146,0.04218749999999999,-0.1242662326667022
147,-0.09843750000000004,-0.1731131066133996
148,-0.09843750000000004,0.0416066363265168
149,-0.09843750000000004,-0.2344222969200858
150,-0.09843750000000004,-0.1386124539038054
151,-0.09843750000000004,-0.0352138374143583
152,0.08437499999999994,-0.1985185107186415
153,-0.08437500000000005,0.103481006515778
154,-0.08437500000000005,-0.0506533575548473
155,-0.08437500000000005,-0.208078859003819
156,-0.08437500000000005,-0.0385202389278434
157,-0.08437500000000005,0.0936258432659853
158,-0.08437500000000005,-0.2195088204086848
159,-0.08437500000000005,-0.0117301557968839
160,-0.08437500000000005,0.0408370416438287
161,-0.09843750000000004,-0.1463271792519642
162,-0.11250000000000002,0.0038558333375007
163,-0.11250000000000002,0.0787444750623697
164,-0.11250000000000002,-0.0696781123732628
165,-0.11250000000000002,-0.033087353955663
166,-0.11250000000000002,-0.0664806606054307
167,0.05624999999999997,0.1100639849635961
168,-0.11250000000000002,0.0161412379200514
169,-0.11250000000000002,0.0996304321467128
170,-0.09843750000000004,-0.2298138748063884
171,0.07031249999999994,0.0827791312892162
172,0.05624999999999997,-0.0688130005113667
173,0.05624999999999997,-0.2225670017479029
174,0.05624999999999997,0.1475172338632213
175,-0.08437500000000005,0.0140074769820758
176,-0.08437500000000005,-0.1650967223013166
177,-0.07031250000000007,0.0581703260647469
178,-0.08437500000000005,-0.1780349748653668
179,-0.08437500000000005,-0.1166052719732705
180,0.08437499999999994,0.1409950077318341
181,-0.08437500000000005,0.0657891701551952
182,-0.08437500000000005,-0.0525977404272087
183,-0.07031250000000007,-0.0704401080134927
184,0.09843749999999991,0.0851906463603167
185,0.09843749999999991,-0.0711765046315298
186,-0.07031250000000007,-0.1762148438753102
187,0.09843749999999991,0.066743093232389
188,0.09843749999999991,-0.2410219297757968
189,-0.07031250000000007,-0.0499610045573113
190,-0.07031250000000007,0.0865230793831907
191,-0.07031250000000007,-0.2235622817921187
192,-0.07031250000000007,-0.0850313918090187
193,-0.07031250000000007,-0.0504325916756523
194,-0.07031250000000007,-0.2368307508843939
195,-0.23906250000000007,-0.019627913886373
196,-0.23906250000000007,0.0940972422946978
197,-0.25312500000000004,-0.0099430542155093
198,-0.25312500000000004,0.1079030561931476
199,-0.08437500000000005,-0.0209239275722995
200,-0.08437500000000005,0.0356627229038826
201,-0.08437500000000005,-0.0330385644724864
202,0.08437499999999994,0.110082647473517
203,0.08437499999999994,-6.888221340217715e-05
204,0.08437499999999994,-0.1783288944424677
205,-0.08437500000000005,0.225390635998897
206,-0.08437500000000005,-0.026049374708072
207,0.08437499999999994,-0.0306125044512879
208,-0.08437500000000005,0.1675666681964006
209,-0.08437500000000005,-0.1511558163868987
210,0.08437499999999994,-0.0287293925599023
211,-0.08437500000000005,-0.0297487735686183
212,-0.08437500000000005,-0.1423903978217235
213,0.08437499999999994,-0.0021130498437583
214,-0.08437500000000005,0.1630413069167807
215,-0.08437500000000005,-0.0647540539641884
216,0.08437499999999994,0.0053840921385837
217,-0.08437500000000005,0.1525103041764837
218,-0.08437500000000005,0.2116644824263039
219,0.08437499999999994,-0.1362103603019623
220,0.25312499999999993,0.1160959851947432
221,0.25312499999999993,-0.0216687777649847
222,-0.08437500000000005,-0.2229818471078958
223,0.08437499999999994,0.049030160609517
224,-0.08437500000000005,-0.1667588731942633
225,-0.07031250000000007,-0.0930078978077669
226,-0.08437500000000005,0.0515804647811306
227,-0.08437500000000005,-0.2159080531862251
228,-0.08437500000000005,-0.2690839041567334
229,-0.08437500000000005,-0.0750092856335331
230,0.08437499999999994,-0.1386864806813056
231,-0.08437500000000005,-0.0934687752603754
232,-0.08437500000000005,-0.2476574084318733
233,-0.08437500000000005,-0.258237882384839
234,-0.08437500000000005,-0.0878578787758386
235,-0.08437500000000005,-0.0617052662177027
236,-0.07031250000000007,-0.2568740142497198
237,-0.07031250000000007,-0.2116429142823291
238,0.08437499999999994,0.0913700873915731
239,-0.07031250000000007,-0.245617274772289
240,-0.23906250000000007,-0.1202311705626573
241,-0.07031250000000007,0.0788718942289522
242,-0.07031250000000007,-0.2318994479257138
243,-0.23906250000000007,-0.1254541383669553
244,-0.23906250000000007,0.080145290298593
245,-0.07031250000000007,-0.1076501618133638
246,-0.23906250000000007,-0.0161966345286637
247,-0.07031250000000007,0.0617649961487278
248,-0.07031250000000007,-0.3814493835774902
249,-0.07031250000000007,0.140603817255242
250,-0.08437500000000005,0.1590430401108502
251,-0.08437500000000005,-0.1654410850403077
252,-0.08437500000000005,0.1529651241512659
253,0.09843749999999991,-0.044970407432532
254,0.09843749999999991,-0.0475716357702855
255,0.09843749999999991,0.1001873146105768
256,0.09843749999999991,-0.092895818251359
257,0.09843749999999991,-0.2067070612626037
258,0.2671874999999999,0.0926923123296995
259,-0.07031250000000007,0.3048695852067798
260,-0.07031250000000007,0.1060178044991563
261,-0.07031250000000007,-0.131283146865426
262,-0.07031250000000007,0.1222451058067305
263,-0.07031250000000007,0.0610245373039083
264,0.09843749999999991,-0.1964038352684244
265,0.09843749999999991,0.1668274275156086
266,0.09843749999999991,-0.1999332247267538
267,0.09843749999999991,0.1260601480498994
268,0.09843749999999991,0.0403496535835407
269,0.09843749999999991,-0.2048097117125595
270,0.09843749999999991,-0.0181704112155794
271,0.09843749999999991,0.0967577302301627
272,0.25312499999999993,0.1579221460166143
273,0.25312499999999993,0.22542963946615
274,0.25312499999999993,0.0883731878196468
275,0.25312499999999993,-0.1166279309158842
276,0.25312499999999993,-0.0409685405006683
277,0.25312499999999993,0.0949123497923137
278,0.07031249999999994,-0.1246484183582965
279,-0.09843750000000004,-0.2232403203457299
280,0.07031249999999994,0.0263177318169771
281,0.07031249999999994,-0.1628991880968053
282,0.23906249999999993,-0.2134585398479404
283,0.23906249999999993,-0.0319848485285447
284,0.23906249999999993,-0.3630717850298038
285,0.23906249999999993,-0.2147979055868098
286,0.07031249999999994,0.0433361578811792
287,0.23906249999999993,-0.0992891783744415
288,0.07031249999999994,-0.2447177980979505
289,0.23906249999999993,-0.0160926931163434
290,0.07031249999999994,-0.1532973680427723
291,-0.09843750000000004,-0.2783763401075129
292,0.23906249999999993,0.0861561252774883
293,0.23906249999999993,-0.1272471130551005
294,0.22499999999999995,-0.1012370521476525
295,0.05624999999999997,0.2113195094871913
296,0.05624999999999997,-0.069405225308216
297,-0.09843750000000004,0.0015307861606327
298,0.014062500000000026,0.2714707131462118
299,0.014062500000000026,0.111053211846961
300,0.028125000000000008,-0.0886271220408246
301,0.18281250000000002,0.1053800330614426
302,0.028125000000000008,0.0756707545454627
303,0.028125000000000008,0.1429892261834545
304,0.028125000000000008,0.1180917351209659
305,-0.1265625,0.1349859896006409
306,-0.1265625,-0.0442568923646391
307,-0.1265625,0.0154413605978077
308,-0.1265625,0.0426755649314554
309,-0.1265625,0.0321308504118837
310,-0.1265625,0.0668768459668476
311,-0.2953125,-0.1426624642004693
312,-0.2953125,-0.1631017446806124
313,-0.28125,-0.1838957880791302
314,-0.28125,-0.0152985431501576
315,-0.28125,-0.1536336536660544
316,-0.11250000000000002,0.0313953322815767
317,-0.11250000000000002,-0.0229251206802704
318,0.05624999999999997,-0.1399228540902453
319,-0.1265625,0.0617272073664479
320,-0.1265625,0.0235596563633983
321,-0.11250000000000002,0.0954681146008463
322,0.07031249999999994,0.0926265798871468
323,0.05624999999999997,0.0930617842525612
324,0.05624999999999997,0.0736410710016199
325,0.22499999999999995,-0.1973723422977197
326,0.05624999999999997,0.0912886542692599
327,0.05624999999999997,0.0816653661929276
328,0.22499999999999995,-0.1975614368754849
329,0.22499999999999995,-0.3695740002107289
330,0.22499999999999995,-0.405243648824806
331,0.22499999999999995,-0.224602581929292
332,0.05624999999999997,-0.5681514499403928
333,0.05624999999999997,-0.566478360596645
334,0.05624999999999997,-0.4374592721904737
335,0.05624999999999997,-0.206695776686615
336,0.22499999999999995,-0.1261514829826279
337,0.22499999999999995,0.1155804927540568
338,0.23906249999999993,0.2232927778893505
339,0.23906249999999993,0.3885463432035079
340,0.4078124999999999,0.4532561748193739
341,0.4078124999999999,0.8295172665921055
342,0.4078124999999999,0.8950049588324341
343,0.4078124999999999,0.8536575814083355
344,0.4078124999999999,1.000674397169618
345,0.4078124999999999,0.9870429319332138
346,0.23906249999999993,0.6818002525480372
347,0.25312499999999993,0.7423065184202345
348,0.25312499999999993,0.6277549122687348
349,0.25312499999999993,0.3338816371447576
350,0.25312499999999993,0.1449724710500627
351,0.08437499999999994,-0.1373875541205205
352,-0.4218750000000001,-0.3855635938631233
353,-0.16875000000000007,-0.5829681221694263
354,0.18281249999999993,-0.555498844482232
355,0.08437499999999994,-0.7362651204777646
356,0.3374999999999999,-0.8481459114522323
357,0.08437499999999994,-0.964185467777548
358,0.16874999999999996,-1.208510004942346
359,-0.08437500000000005,-0.9168544145281596
360,0.16874999999999996,-1.0665423371669651
361,-0.08437500000000005,-0.8287260479596227
362,0.16874999999999996,-0.7064878652796419
363,-0.08437500000000005,-0.453941569910228
364,-4.163336342344337e-17,-0.4843187876164985
365,-0.08437500000000005,-0.5013813787414816
366,0.3515624999999999,-0.493593772507428
367,0.3515624999999999,-0.1303580202806449
368,0.3374999999999999,0.3105298328173257
369,0.3374999999999999,0.2854485477831722
370,0.4781249999999999,0.3848087234305769
371,0.9140625,0.6363582160035471
372,1.0125,0.4987335821891283
373,1.1812500000000001,0.4154144472549952
374,1.0125,0.3993105751583814
375,0.8437499999999999,0.119994344817304
376,1.0125,0.2188299032511496
377,1.0125,0.2685123916461439
378,1.1812500000000001,0.6267070794159454
379,1.0125,0.4854065588779431
380,1.0125,0.5166082370950199
381,1.0125,0.531176534323207
382,1.1812500000000001,0.2076206126520932
383,1.0125,-0.1974926427852373
384,0.7734374999999999,-0.365250268186183
385,0.1968749999999999,-0.7753234020499737
386,0.3374999999999999,-0.6706835412220656
387,0.1968749999999999,-0.5703310563526505
388,0.36562499999999987,-0.6399029937504577
389,0.028124999999999914,-0.9825115904608596
390,0.042187499999999906,-0.9976536483079677
391,0.042187499999999906,-0.6801538827842932
392,-0.1125000000000001,-0.7064483660839005
393,0.05624999999999988,-0.9303324694565211
394,0.2109374999999999,-0.4800587349948549
395,0.1968749999999999,-0.6038462312897608
396,0.3937499999999998,-0.6852508632072275
397,0.3374999999999999,-0.0467952815686451
398,0.5062499999999999,0.4313845564073854
399,0.646875,0.34718947847361
400,0.8156249999999999,0.6006462591587648
401,0.9,1.068130452581994
402,1.1531250000000002,0.9171021589936234
403,0.9843749999999999,0.8081715266875872
404,1.1531250000000002,1.001927036533881
405,1.321875,0.7525185680809919
406,1.1531250000000002,0.3654361703304449
407,1.321875,0.1833804965621236
408,1.321875,-0.1992457677624533
409,1.321875,-0.4971866792238201
410,1.321875,-0.4079990458239451
411,0.9843749999999999,-0.5678139808300604
412,0.9843749999999999,-1.023520788562967
413,0.9843749999999999,-1.4050824922526064
414,0.73125,-1.0920184209159172
415,0.73125,-1.6362018032923702
416,0.5625,-2.4035634074619883
417,0.05624999999999997,-2.1846472820682554
418,-0.30937500000000007,-2.3626944520609463
419,-0.9843750000000001,-3.337641190931074
420,-1.51875,-2.825895933993637
421,-1.51875,-3.699051276343848
422,-1.5890625,-4.538122935547311
423,-2.0812500000000003,-4.431188245571126
424,-1.8984375000000004,-2.9291933284604434
425,-1.9828125,-1.0164089363692588
426,-1.2796875,0.9588927485225232
427,0.39374999999999993,3.2343166317939573
428,1.9828125000000003,5.913597639013474
429,4.4578125,8.538600151449087
430,6.7640625,12.296898789925232
431,9.421875,13.949551348682895
432,10.771875,15.30984648226391
433,11.9953125,14.798579622524707
434,12.628125,14.061657129454316
435,11.910937500000001,11.611129567696672
436,10.1953125,8.391655854595207
437,8.592187500000001,6.361499836552697
438,6.7078125,3.6390830756497135
439,4.7671874999999995,0.5617872222086848
440,2.2500000000000004,-2.434443723586841
441,0.014062500000000082,-5.220446845180724
442,-2.41875,-7.854151389008062
443,-4.471875,-10.444533304907717
444,-6.8765624999999995,-14.137913603200136
445,-8.5640625,-15.765127302742954
446,-10.434375,-18.02432617196838
447,-12.3609375,-19.58372071634434
448,-13.640625,-22.49535195224768
449,-14.85,-23.698052296839744
450,-15.7640625,-23.55357619073252
451,-16.0453125,-23.283586921639976
452,-15.778125,-22.293723085748447
453,-15.609375,-19.773915145679585
454,-15.0890625,-17.816899180425917
455,-13.415624999999999,-13.594544529140837
456,-11.460937500000002,-8.697977086036529
457,-8.015625,-3.5320735318181047
458,-3.8390625,3.090947277785136
459,0.36562500000000014,8.862499168678815
460,5.5125,16.393368457611817
461,10.560937500000001,22.72509429324593
462,15.946875000000002,28.730405950812997
463,20.601562500000004,34.70403203713193
464,24.69375,38.22980788749766
465,27.815625,40.64011496928671
466,30.768750000000004,41.51582892714542
467,32.146875,41.55262510046486
468,32.540625,40.4722039841032
469,31.7390625,37.43549440199343
470,30.2484375,34.13804436871988
471,27.618750000000006,29.202129922270863
472,24.159375,24.235931602612855
473,20.629687500000003,18.841331118565787
474,16.7765625,13.37241356903767
475,12.079687500000002,8.705957196182059
476,8.2125,4.334615452445274
477,5.0765625000000005,0.0398889462690278
478,1.5187500000000003,-3.1522043165108227
479,-1.3359374999999998,-8.08686812211926
480,-4.2328125,-10.997063226300984
481,-6.553125000000001,-13.195581838244848
482,-8.3671875,-16.34694106258258
483,-11.2921875,-18.970165544581373
484,-12.7265625,-21.087869842148574
485,-14.1046875,-22.65028910082745
486,-15.46875,-23.28251285735136
487,-16.2984375,-23.802320267646685
488,-16.7625,-24.68092697523231
489,-16.860937500000002,-23.605224072576934
490,-16.2,-22.101000743568186
491,-15.159375,-20.86047757268166
492,-14.315625,-20.28328668537825
493,-14.006250000000001,-18.24788809908677
494,-12.965625000000001,-14.981623665290076
495,-10.7296875,-13.199031641579284
496,-9.1828125,-9.82228558151071
497,-7.171875,-6.372814325435057
498,-5.371875000000001,-2.286760671206628
499,-2.25,0.8913479995940402
500,0.5906250000000002,4.6284977290528655
501,2.9953125000000003,8.437310058237905
502,5.5687500000000005,12.682118940432783
503,8.451562500000001,17.24106252848265
504,12.515625,20.447216989917084
505,15.2015625,23.65685549201946
506,17.26875,26.979647873758843
507,20.3203125,28.768067814005867
508,21.853125,31.04395163780277
509,24.356250000000003,32.50122214757935
510,24.454687500000002,34.09224114749211
511,25.7765625,34.68533599390332
512,26.0296875,34.152366307150416
513,26.212500000000002,33.80977236861167
514,25.3265625,32.69894874253524
515,24.159375000000004,30.57368437151505
516,23.076562500000005,27.98406831295786
517,21.923437500000006,24.637120146451355
518,19.4484375,21.08102963548661
519,16.959375,17.434675368466745
520,14.259375,13.520241058231235
521,11.770312500000001,9.36161112945984
522,8.775,6.351764285947004
523,6.440625000000001,3.740396865776476
524,4.3734375,2.240594188325665
525,2.3203124999999996,1.5323080347073257
526,1.0265624999999996,0.3903384366241663
527,0.3796874999999996,0.2335777595630246
528,-0.056250000000000355,-1.5503426925332635
529,-0.04218750000000038,-2.790573414192665
530,-0.4781250000000004,-5.8977908057655775
531,-2.095312500000001,-7.839819734442768
532,-4.10625,-12.004828929048386
533,-6.229687500000002,-15.61225454528105
534,-8.634375000000002,-19.08390383503327
535,-10.5609375,-20.35117372573847
536,-12.7546875,-22.070210628616472
537,-14.048437500000002,-22.839483003023677
538,-14.45625,-20.648441866328497
539,-14.2453125,-20.55370630418259
540,-13.303125000000001,-20.01841374996732
541,-12.5015625,-17.83315612761042
542,-12.31875,-17.45949379536688
543,-11.475,-18.208251472985992
544,-10.982812500000001,-17.724156953140536
545,-11.0109375,-18.026892389041308
546,-10.940625,-15.340471890737737
547,-10.504687500000001,-15.096875056777224
548,-9.8578125,-13.312356051420569
549,-8.634375,-9.259284707492984
550,-6.7921875,-5.29998425222628
551,-4.134375,-0.5631912398031497
552,-1.265625,3.348132650257539
553,2.3484375,7.941710077547607
554,5.625000000000001,13.753597898496018
555,9.646875,19.837409398157195
556,13.6546875,24.24008769830799
557,17.620312500000004,27.159194914347346
558,20.6859375,30.180696287169617
559,23.582812500000003,32.89004043477422
560,25.706250000000004,34.110934316887935
561,26.606250000000003,35.42420518126212
562,26.83125,35.56728975541443
563,27.267187500000002,35.77322806314442
564,27.309375000000003,35.16200780074979
565,27.1828125,33.15499841875305
566,25.945312500000004,31.286190541743984
567,24.285937500000003,27.24825282129016
568,21.9515625,23.072883332276376
569,18.984375,18.650751987713186
570,15.80625,14.443725330935074
571,12.768749999999999,10.426365199042028
572,9.815625,7.723111962700092
573,7.1296875,4.7606848421442045
574,4.682812499999999,3.055148140922287
575,3.3328124999999997,1.296116601428171
576,1.3640624999999995,0.7770059063072535
577,0.6468749999999996,-1.1773128204737713
578,-0.7312500000000004,-3.353774500302801
579,-1.6031250000000006,-5.834495448066596
580,-2.1796875000000004,-8.975978717163871
581,-4.190625000000002,-10.044843756534409
582,-6.5671875,-11.791307934489748
583,-7.228125,-13.35243257618523
584,-8.100000000000001,-14.26412684632792
585,-9.450000000000001,-15.954528590383578
586,-10.293750000000001,-16.40116233958403
587,-10.293750000000001,-17.705960072636653
588,-10.940625000000002,-19.596445133499195
589,-11.3765625,-19.746514481099656
590,-12.698437500000002,-21.04093447573227
591,-14.371875000000001,-21.477777407573026
592,-14.625000000000002,-20.60589936173982
593,-13.865625,-19.5532723905559
594,-12.9796875,-16.59682316143888
595,-11.404687500000001,-13.59950209438384
596,-9.421875,-9.299492094903316
597,-6.75,-4.403815064555801
598,-3.9234375000000004,0.0606588726002606
599,-0.11250000000000016,4.5434431583198265
600,3.09375,7.688431656310249
601,5.9765625,11.269836383489096
602,8.7046875,14.863039984228584
603,11.503125,18.83744452633252
604,14.3296875,22.12308638657686
605,17.578125,25.148081419441937
606,19.575000000000003,27.612718732460717
607,21.782812500000006,29.84988356630665
608,22.893750000000004,31.52762927121768
609,24.454687500000002,33.617754006059975
610,26.114062500000003,34.335161668103446
611,26.606250000000003,33.87993470429074
612,26.9296875,33.53147899226493
613,26.732812500000005,32.23484005876674
614,25.396875,29.422833499730157
615,24.2296875,25.891556101564007
616,22.021875,22.338247053574857
617,18.9703125,17.911338793483132
618,15.609375,12.959155928557957
619,12.473437500000001,8.611934839997847
620,8.943749999999998,4.321553368024266
621,5.160937499999999,-0.22836560606243
622,1.7718749999999996,-3.90410390219236
623,-1.3500000000000005,-8.756487577867436
624,-4.5703125,-12.207363433862309
625,-8.071875,-16.990606593728387
626,-10.715625000000001,-19.10932408288451
627,-13.05,-22.62741304106239
628,-15.257812500000004,-24.609568680985056
629,-17.1421875,-24.72511916435466
630,-18.126562500000002,-25.210232077976062
631,-17.9578125,-24.35686160604882
632,-18.098437500000003,-23.21292707959996
633,-17.156250000000004,-21.54319557481338
634,-15.8765625,-19.19517197664942
635,-13.921875,-16.3134191630032
636,-11.981250000000001,-13.40446593888974
637,-9.3234375,-10.63928574126848
638,-7.2421875,-8.197182494324917
639,-5.0203125,-4.255479719401132
640,-2.7843750000000003,-1.0430151442737317
641,-0.7875000000000002,2.059791413750674
642,1.6734375,4.427584603789051
643,3.88125,7.2270617124973215
644,6.046875000000001,9.817273686455016
645,7.9453125,12.853100204971762
646,9.871875000000001,15.620635854742922
647,12.150000000000002,18.50945595696306
648,14.175,21.36161599429417
649,16.2,23.214288245537293
650,18.50625,25.23947950062718
651,19.757812500000004,26.60501445629584
652,20.643749999999997,27.307372141541887
653,21.571875,27.36070833591453
654,21.571875,26.00218301657429
655,21.628125,25.052374387297174
656,20.896875,23.93618811064137
657,20.053124999999998,22.435966590536594
658,18.3796875,20.92851917229233
659,16.8609375,19.079564043609423
660,15.820312499999998,17.259947293655067
661,13.8515625,14.312482930467802
662,13.0921875,12.477048274940728
663,11.264062500000001,10.227189799168078
664,9.3375,8.084669677645584
665,7.593750000000001,5.929737864366395
666,4.6265624999999995,1.6589540877385036
667,2.64375,-0.9362478295282984
668,0.07031249999999961,-4.920469384544711
669,-2.3625000000000007,-8.178976609172121
670,-4.260937500000001,-11.902196810195772
671,-6.581250000000002,-15.19074565249435
672,-9.028125000000001,-16.563402450768642
673,-11.418750000000001,-17.113546070071425
674,-12.3046875,-19.29359389362889
675,-13.05,-18.68248154489877
676,-13.879687500000003,-18.3214167057428
677,-13.9921875,-17.746474731431455
678,-13.1484375,-17.45156554956332
679,-12.614062500000001,-16.04660400972921
680,-12.0796875,-14.943559412636109
681,-11.404687500000001,-14.0545093530333
682,-9.95625,-13.75730379795965
683,-8.5078125,-11.469761834689509
684,-7.1578125,-9.232528763872264
685,-5.765625,-6.23033062889948
686,-4.4859375,-3.243460053569903
687,-2.812500000000001,-1.3407595076328396
688,-1.2375,1.9007738412636823
689,0.6187499999999999,4.484576060260538
690,3.2765625000000003,6.562116264920559
691,5.3859375,9.303605372649336
692,7.228125,10.425496184624135
693,9.084375000000001,13.019672599130637
694,11.123437500000001,15.254013378268798
695,12.473437500000003,17.028900550818822
696,13.457812500000001,18.82294869621868
697,14.751562499999999,19.93407786301961
698,15.6515625,20.919885120489727
699,15.8203125,21.60265506622267
700,16.298437500000002,22.038273518374865
701,16.8046875,23.071761955990816
702,17.325,22.210826552246665
703,17.3109375,21.66849606547901
704,17.15625,20.74282453862523
705,16.678125,19.71402529809576
706,15.567187500000001,17.74436803274774
707,14.315625,14.946674824726188
708,12.8671875,12.436098780170871
709,11.278125000000001,10.362883970889758
710,9.042187499999999,8.072229933023543
711,7.7203125,5.924413176092725
712,5.6109374999999995,3.247450147713637
713,2.9390625,0.7018896852902033
714,0.8578124999999996,-1.645982333312848
715,-0.8296875000000005,-3.6949373617931656
716,-2.6859375000000005,-6.733580674826397
717,-4.050000000000001,-8.63816743019781
718,-5.9625,-10.443226387573926
719,-6.679687500000001,-11.629905883359836
720,-7.6640625,-11.980142819662053
721,-8.817187500000001,-12.472586248991483
722,-9.1125,-12.644916007539846
723,-9.056250000000002,-12.673474114809112
724,-8.634375000000002,-13.080853215066677
725,-8.887500000000001,-11.849135432895796
726,-8.5921875,-11.805477481178754
727,-7.973437500000001,-11.586941157189148
728,-7.1015625,-9.821862250539064
729,-6.24375,-7.447510222392746
730,-6.159375,-6.191032042208148
731,-4.8515625,-4.82193508657076
732,-2.882812500000001,-3.4095044634051
733,-2.278125,-1.870691290357064
734,-0.4218750000000004,-0.8281219560016859
735,0.43593749999999976,0.5557411130939381
736,1.0828124999999997,2.6912663968337616
737,2.6999999999999997,4.331684322385104
738,3.8671875000000004,6.738899410118894
739,5.45625,8.124380429358983
740,6.4125000000000005,9.072396977105926
741,8.3671875,10.428567851311968
742,9.253125,12.688516168215312
743,10.364062500000001,13.846057287909694
744,11.2921875,14.40593751427224
745,11.86875,14.740416510773452
746,12.20625,14.895656583373276
747,12.31875,15.101804961822864
748,12.31875,14.994559481135012
749,12.31875,14.690214391244194
750,12.346874999999999,13.943896426894849
751,11.64375,13.195699431409752
752,11.151562499999999,12.516501130578003
753,10.996875000000001,10.726870174982787
754,10.040625,9.70927347152809
755,9.196875,9.25068738071497
756,8.6765625,8.87667690436972
757,7.4671875,7.123653365260702
758,6.69375,5.270358025241123
759,4.8374999999999995,3.5328786996199577
760,3.4453124999999996,2.040309014861485
761,1.9968749999999997,0.0982934733764527
762,1.0406249999999997,-1.3848061514019585
763,-0.5906250000000004,-2.7525632060694774
764,-1.5468750000000004,-4.858587506497101
765,-2.9390625000000004,-5.640222660094886
766,-3.810937500000001,-6.497524915742738
767,-5.048437500000001,-7.651751316612051
768,-5.512500000000001,-8.675173789755807
769,-5.906250000000001,-9.3482067130629
770,-6.173437500000001,-9.510175303642022
771,-6.018750000000001,-9.486776205777415
772,-6.187500000000002,-9.08726785787782
773,-6.215625000000001,-8.912946829121774
774,-5.470312500000001,-8.312567863096984
775,-4.823437500000001,-7.263712992439531
776,-4.696875,-6.247294915092595
777,-4.303125000000001,-4.504952900469209
778,-3.5859375000000004,-3.7596732117296745
779,-3.1078125000000005,-2.5675426136214106
780,-2.1375000000000006,-1.5131604018144524
781,-0.9281250000000003,0.5862935271282504
782,0.1265624999999997,1.991603568740308
783,1.5468749999999998,3.629096785873249
784,3.1218749999999997,5.685061098251312
785,3.99375,7.220287706194765
786,5.5828125,8.301212186818894
787,7.0875,9.154371368180335
788,8.2125,10.62738890484211
789,8.873437499999998,11.333009199179187
790,9.9,12.93493187723338
791,10.5609375,14.015157745421778
792,11.629687500000001,14.463847235355283
793,11.8828125,15.465431470977991
794,11.86875,15.39437650597316
795,12.445312500000002,15.178823455181698
796,11.8828125,14.812271883285458
797,12.3046875,13.498322642359067
798,11.081250000000002,12.151323524588827
799,10.6171875,10.546581875262351
800,9.914062500000002,8.885647572055184
801,8.8171875,8.230735373873063
802,7.129687499999999,6.018014538853427
803,5.5828125,4.3643404841463145
804,4.0640625,2.7069516902373336
805,2.2499999999999996,-0.200916634241531
806,0.7734374999999996,-1.7586977645940642
807,-1.0406250000000004,-3.463517437559828
808,-1.4906250000000005,-3.999086240938309
809,-3.164062500000001,-5.865892092023736
810,-3.7125000000000004,-6.727978393346084
811,-4.289062500000001,-7.5479996730809455
812,-4.5843750000000005,-8.164208111588366
813,-5.371875000000001,-8.374383476880075
814,-5.034375000000001,-8.160276975022038
815,-5.034375000000001,-7.818042116206762
816,-5.034375000000001,-7.404263831148328
817,-4.89375,-6.224689890697207
818,-4.1765625,-5.496283384434109
819,-3.515625000000001,-3.687825859924547
820,-2.8968750000000005,-2.643244464390731
821,-1.9265625000000006,-1.597006206785251
822,-0.9421875000000003,-0.2295130536936168
823,-0.8156250000000003,0.0780695964258864
824,0.16874999999999962,0.8975837750294943
825,0.9140624999999996,1.5803795667393097
826,1.6453124999999995,2.5070828230263458
827,2.446875,3.469988655183082
828,2.671875,4.850582145868508
829,3.8109374999999996,6.110175385108691
830,4.7671875,7.201055773878134
831,5.8921874999999995,8.024237409329855
832,6.6234375,8.561884634118972
833,7.9312499999999995,9.286375047625269
834,8.578125,9.93794201288856
835,9.140625,11.241590665074312
836,9.5625,10.148389526847128
837,9.5625,10.915873900614272
838,9.660937500000001,9.867404264616493
839,9.660937500000001,9.49397220848677
840,9.6890625,9.027953691047392
841,8.803125,8.880715784683398
842,8.1703125,8.425837521681544
843,7.340625,8.01630542001024
844,6.721875,6.933692549698844
845,5.653124999999999,5.878690105511022
846,5.090624999999999,5.265058984047465
847,4.3734375,3.4024746129036147
848,3.5578125,3.896055169306704
849,3.0796874999999995,2.810693225999008
850,2.3625,1.701869918243056
851,1.5468749999999996,0.5388415045660949
852,1.3078124999999994,0.6344938971982456
853,1.3218749999999995,-0.1541467056615265
854,0.4078124999999996,-0.2760866551823823
855,-0.3234375000000005,-0.7573033914297511
856,-0.0703125000000005,-1.477198166637003
857,-0.6468750000000005,-1.8733760353629787
858,-0.6328125000000006,-2.23059511054754
859,-1.5750000000000004,-2.8107653325571205
860,-1.2234375000000006,-2.946513100630705
861,-1.0687500000000003,-2.815253248622684
862,-1.5750000000000004,-2.9818359622777866
863,-1.5750000000000004,-2.5387328828401112
864,-1.5750000000000004,-2.2955119343306243
865,-1.3218750000000004,-1.6398266624756808
866,-1.1812500000000004,-0.988464529022357
867,-0.5203125000000004,-0.9405694410524584
868,-0.6046875000000005,-0.7965532701026947
869,0.3656249999999996,0.2236290571291489
870,0.9281249999999996,1.0306344336604
871,1.3218749999999997,1.8636909416235332
872,1.9687499999999998,2.450040130281566
873,2.3765624999999995,3.654847370590056
874,2.8406249999999997,3.469102021195575
875,2.8124999999999996,4.0250508334557455
876,3.6140625,4.4456906194661086
877,4.528125,5.05640710115295
878,4.66875,5.484244133644864
879,4.9078125,6.157337378772603
880,6.0609375000000005,6.894833833657743
881,5.976562500000001,7.232522798829353
882,6.3843749999999995,7.799841726421877
883,6.9890625,8.08340500284519
884,6.9890625,8.072332209180942
885,7.1578125,8.172591875703077
886,7.1578125,7.775454266686567
887,7.1578125,7.401269892929581
888,6.9890625,7.006196314505253
889,6.4546874999999995,6.7646303035540365
890,6.1312500000000005,6.047985000103799
891,5.653124999999999,5.281364290167798
892,4.9359375000000005,4.950653476511272
893,4.8515625,4.26567774635832
894,3.9656249999999997,3.508635596136993
895,3.8109374999999996,3.2476599541923084
896,3.2765624999999994,2.961578771121203
897,2.53125,2.079602327868721
898,1.9546874999999997,1.8320701834924824
899,1.4062499999999996,0.9276604375167324
900,1.0265624999999994,0.2455871500502758
901,1.3640624999999997,-0.4441108622074819
902,0.43593749999999953,-0.6599485321576837
903,0.7031249999999996,-0.6184418691314784
904,-0.15468750000000042,-0.5078541995775465
905,-0.0703125000000005,-1.1026118471885296
906,0.09843749999999957,-1.45538480554635
907,-0.49218750000000044,-2.1104716542086908
908,-0.6328125000000006,-2.658672542639188
909,-1.0406250000000004,-2.724718776878027
910,-1.1953125000000004,-2.483854488132667
911,-1.3500000000000005,-1.989596139553768
912,-1.1109375000000008,-1.6079065234440757
913,-1.0406250000000004,-1.1935798992003783
914,-0.47812500000000047,-0.3423178300007543
915,-0.42187500000000044,0.7179948272005908
916,0.7874999999999996,2.022604138133533
917,1.6453124999999995,2.8505350401539307
918,3.0234374999999996,3.921428122100333
919,3.909375,5.171914562839732
920,4.809374999999999,5.822603809948694
921,5.2734375,6.199858568339545
922,5.864062499999999,7.1187527977877325
923,6.4265625,7.933211990988684
924,6.5671875,7.785844687274657
925,6.8765625,7.953928666188308
926,7.8046875,8.378788856823057
927,7.7203125,8.267679818665561
928,8.15625,8.631107536713067
929,8.071875,8.817120515903017
930,8.296875,9.379129840626907
931,8.465625,9.327053929101842
932,8.1421875,8.909654494491463
933,7.8328125,8.613070117517164
934,6.862500000000001,7.365016327218952
935,6.159375,6.25016281339266
936,5.8640625,5.04220168927004
937,4.879687499999999,4.211359705697388
938,4.2328125,4.101071812632546
939,3.6843749999999993,2.8950572391011136
940,3.107812499999999,1.5880623190195515
941,2.6578124999999995,0.4378007947316636
942,1.6734374999999995,-0.2933794722687239
943,0.9703124999999996,-0.6392379657669424
944,0.49218749999999944,-1.3619543445625006
945,-0.3375000000000006,-1.9981554879514916
946,-0.7312500000000006,-2.6817084012607517
947,-1.5468750000000009,-2.96709831248865
948,-1.7015625000000005,-2.747631973606389
949,-1.7156250000000006,-3.0146124842240667
950,-1.9687500000000009,-2.8457509404065657
951,-1.9687500000000009,-2.9916612842037087
952,-1.9687500000000009,-2.503346460097658
953,-1.6031250000000008,-2.6469022687193458
954,-1.560937500000001,-2.627903570104274
955,-0.9984375000000004,-1.8509484418033495
956,-0.5906250000000006,-0.9818880305382586
957,0.21093749999999944,-0.9678824926419242
958,0.3234374999999996,0.3549489312778729
959,1.2937499999999997,1.101391952492751
960,1.8562499999999997,1.6016212425334315
961,2.3343749999999996,2.341319273741461
962,2.475,2.6587363853977557
963,3.5296875,3.905694570945151
964,4.1203125,4.873805910511674
965,4.8234375,5.369538438355572
966,5.2734375,6.225621080124342
967,6.328125,6.937153511004843
968,6.792187500000001,7.823118142397827
969,6.9609375,8.203020751823813
970,7.0453125,8.032757121084035
971,7.917187499999999,8.033282601601343
972,7.832812499999999,7.826361319424874
973,7.5796874999999995,8.19946323232986
974,7.3265625,7.971576288120878
975,7.5796874999999995,8.138677075651646
976,6.9046875,7.956926709019792
977,7.0453125,7.729368017146879
978,6.3843749999999995,7.094154913922696
979,6.0609375000000005,6.811239268105283
980,5.8218749999999995,5.804943038333831
981,5.2734375,5.2734808175015
982,5.132812499999999,4.67685286923527
983,4.5562499999999995,3.971405084481172
984,3.99375,3.821805557987618
985,3.5015625,2.89794346855989
986,2.5453124999999996,2.483373721108196
987,2.1515625,1.2764254251851723
988,1.7578124999999996,-0.0071959234759955
989,0.8718749999999997,-0.871773887773996
990,0.6328124999999996,-1.1782561870838202
991,-0.35156250000000044,-1.2299831188984345
992,-0.5203125000000004,-1.8104672635506152
993,-0.42187500000000044,-2.264599083195256
994,-1.0125000000000006,-2.3716539881993626
995,-1.2656250000000004,-2.6549181481059487
996,-1.1671875000000007,-2.5413561064192907
997,-1.6875000000000007,-2.2118561147659026
998,-1.2937500000000004,-1.8424871404319252
999,-1.1250000000000002,-1.751745169779764
1000,-0.28125000000000044,-1.1518662647821651
1001,-0.14062500000000044,-0.966281142102662
1002,-3.3306690738754696e-16,-0.4912239042608463
1003,0.9984374999999996,-0.0563059239273447
1004,1.1953124999999998,1.1104840379267245
1005,1.9265624999999997,2.406886450644248
1006,2.2359375,3.3702077747150745
1007,2.9531249999999996,3.243736579745711
1008,3.853125,4.01908433166732
1009,3.8390625000000003,4.696565769641059
1010,4.66875,5.284120720869583
1011,5.062499999999999,5.679477265835053
1012,5.906249999999999,6.444859303938318
1013,5.371874999999999,7.064768538096133
1014,6.609375,7.565541152790875
1015,6.5109375,7.953244319630177
1016,7.03125,7.9482712623684355
1017,6.7640625000000005,8.068586552466046
1018,7.0171874999999995,7.906753882793732
1019,6.7640625000000005,7.846505232645925
1020,7.1859375,7.333151665038883
1021,6.440625000000001,7.086451777966201
1022,6.2859375,6.686716361842554
1023,5.9906250000000005,5.948318601466352
1024,5.484375,5.096519181896653
1025,5.1890625,4.482035488665148
1026,4.809374999999999,3.757944955666948
1027,3.8531250000000004,3.0753612840440896
1028,3.3749999999999996,3.254212309187944
1029,3.2343749999999996,2.9769730789222457
1030,2.9249999999999994,2.3939356592170142
1031,2.2921874999999994,1.722173843267317
1032,1.9968749999999997,0.7995840304159559
1033,1.0968749999999996,0.0657102475697564
1034,1.3921874999999995,-0.532409733268552
1035,1.0546874999999996,-0.949362719302128
1036,0.5624999999999994,-0.940343693393674
1037,0.4359374999999994,-0.8314465410042844
1038,-0.15468750000000064,-1.0204048116471935
1039,0.014062499999999367,-1.1879542796077964
1040,-0.23906250000000062,-1.128396963390986
1041,0.014062499999999367,-0.7414820532030397
1042,-0.4078125000000006,-0.6962659692203913
1043,0.014062499999999367,-0.7957668117787556
1044,-0.12656250000000047,-0.5415072224068038
1045,0.6187499999999996,-0.109430876558945
1046,0.8718749999999995,0.3635868991416565
1047,1.3499999999999996,1.3281718870915316
1048,1.4765624999999996,2.07156908816176
1049,1.9546874999999997,2.456644656281541
1050,2.2640624999999996,2.966941897483003
1051,3.2484374999999996,3.812256415132614
1052,3.2343749999999996,3.521947742644759
1053,3.88125,3.6742601327437328
1054,4.3453125,4.296683848417297
1055,4.2609375,4.651184341722823
1056,4.753125,4.780227864170506
1057,5.259375,5.152189321963619
1058,4.9781249999999995,5.483118119186154
1059,4.89375,5.692429372798112
1060,5.3999999999999995,5.559200388448926
1061,5.315625,5.821922478075373
1062,5.7375,5.768923033420007
1063,5.7375,5.611955836475286
1064,5.7375,5.86848893769855
1065,5.56875,5.686512330168637
1066,5.428125,5.251020608937888
1067,5.00625,4.95980908440853
1068,4.8515625,4.630964379929254
1069,4.6265624999999995,4.490822190927188
1070,4.303125,4.278621229918161
1071,4.0078125,4.571160560031747
1072,4.2609375,4.298968442297385
1073,3.6984374999999994,4.137077294444691
1074,3.1218749999999993,3.435585178513992
1075,2.9671874999999996,3.0186975989800056
1076,2.2078124999999997,2.6349889976441467
1077,1.9687499999999998,1.9193171801978908
1078,1.7999999999999996,1.4032042719232
1079,1.6593749999999996,0.6094654140251011
1080,1.2515624999999995,0.3171670970353812
1081,1.9265624999999997,0.2781387476805342
1082,0.9984374999999995,0.0263650896771062
1083,1.2374999999999996,-0.1105416311646396
1084,1.0687499999999996,0.06427026682819
1085,1.0687499999999996,0.1840449951801722
1086,1.0687499999999996,0.3713690242717634
1087,1.0687499999999996,0.5297161969295716
1088,1.2374999999999996,0.679726062010997
1089,1.3921874999999995,1.3386464438168613
1090,1.5609374999999996,1.7454895257449523
1091,2.3765625,1.9943287386344173
1092,2.0109375,2.0318888891450912
1093,2.3484374999999997,2.5393108415326155
1094,2.7421875,2.968298523375432
1095,2.6718749999999996,3.274976772610014
1096,3.7546875,3.2003252671065474
1097,3.6703124999999996,3.557200922466787
1098,3.3890624999999996,3.2064165770443678
1099,4.5421875,3.43670732510607
1100,4.3734375,3.908511123238704
1101,4.6265624999999995,4.468127746450888
1102,4.710937499999999,4.555361546648352
1103,4.710937499999999,5.120107497430134
1104,4.879687499999999,5.284187404455433
1105,4.879687499999999,5.052026698577127
1106,4.879687499999999,5.341809383179936
1107,5.0484374999999995,5.27606794516753
1108,5.217187499999999,5.17715070793849
1109,5.217187499999999,5.309796413120517
1110,5.217187499999999,5.068495425815272
1111,4.640625,4.453697327053125
1112,4.499999999999999,3.687429680060206
1113,3.9093750000000003,3.7889840260961103
1114,4.1203125,4.104811963526148
1115,3.6421875,4.163029436376916
1116,3.318749999999999,3.5578540564988805
1117,2.6437499999999994,2.851132822493966
1118,2.1374999999999993,2.187999447808565
1119,2.5593749999999997,1.932471713812696
1120,1.8984374999999996,0.9954313573679676
1121,1.9968749999999997,0.2737874383968616
1122,1.1671874999999994,-0.1083658038910396
1123,1.4203124999999996,0.1896985665393572
1124,1.4203124999999996,0.4243334838141595
1125,1.2656249999999996,0.9211889562613644
1126,1.2656249999999996,0.2003666412156535
1127,1.4343749999999995,-0.072826445738142
1128,1.2515624999999995,0.0780337987135036
1129,1.4343749999999995,0.1824596839236041
1130,1.4203124999999996,0.7478619650674349
1131,1.8281249999999996,1.7635151619247922
1132,2.2499999999999996,2.232800515167231
1133,1.7156249999999995,2.615138358434499
1134,2.5453125,2.714169124211036
1135,2.53125,3.194290635815467
1136,2.7562499999999996,3.302680709252421
1137,3.2343749999999996,3.3451259522579924
1138,3.15,3.099155052632514
1139,3.6421874999999995,3.346144885519859
1140,4.0640625,3.6907514993141977
1141,4.05,4.032233825675253
1142,4.05,4.518257230976973
1143,4.457812499999999,4.471520793551004
1144,4.879687499999999,4.8371830702677
1145,5.0625,5.028428015121807
1146,5.0625,4.780876307882391
1147,5.0625,4.843988436858434
1148,5.0625,4.328281761152995
1149,5.0625,4.051830354802318
1150,4.725,3.926825624583623
1151,4.753124999999999,3.710047390615313
1152,4.528124999999999,3.406049031679732
1153,3.9375,3.572420633790342
1154,3.9375,3.890847307689591
1155,3.3609374999999995,3.695376315415961
1156,3.3749999999999996,3.347399829627547
1157,2.9671874999999996,3.4600286731228325
1158,3.149999999999999,2.9065365232183957
1159,2.6578124999999995,2.6269229894913693
1160,2.4046874999999996,2.510068390682176
1161,2.5031249999999994,2.271422655181154
1162,2.1796874999999996,1.9068782728069231
1163,2.4328125,1.2840611171272909
1164,1.7578124999999996,1.4793156719766023
1165,2.1796874999999996,1.5049609515354303
1166,1.9265624999999997,1.4767343218074074
1167,2.0109375,1.8080870400375928
1168,1.7578124999999996,1.6763357769514404
1169,2.0109375,2.0220351024036374
1170,1.7578124999999996,2.241178657277437
1171,2.0109375,2.513716064666572
1172,1.7437499999999995,2.8336019196091478
1173,2.4187499999999997,3.157854690811549
1174,2.4187499999999997,3.485467328915469
1175,2.8265624999999996,3.867116985595291
1176,3.0656249999999994,3.9819862172281786
1177,3.0796874999999995,3.993754803701053
1178,3.2484374999999996,4.011079480425638
1179,3.6703124999999996,3.903095670925972
1180,3.571874999999999,3.934373948587529
1181,3.4031249999999993,3.568296987136661
1182,3.9093749999999994,3.979375934480495
1183,3.99375,3.482690674253158
1184,4.1625,3.639596716539275
1185,4.0078125,3.8810943972254943
1186,3.99375,3.5595249325674203
1187,4.0078125,3.5964237643568016
1188,3.99375,3.49840302107253
1189,3.99375,3.6740836688176968
1190,3.99375,3.663322303597014
1191,3.99375,3.7210188375923954
1192,3.99375,3.953934129974914
1193,4.0078125,3.909919266713732
1194,3.585937499999999,4.002024080268463
1195,3.178124999999999,3.622403943903831
1196,3.3468749999999994,3.373503246126948
1197,3.1921874999999993,3.504601662912584
1198,3.0234374999999996,3.021723586966254
1199,2.8687499999999995,3.1798262112468896
1200,2.7984374999999995,2.7598361790347434
1201,2.6296874999999997,2.759930540020494
1202,2.7140624999999994,2.5078352091713967
1203,2.6296874999999997,2.5882903951024514
1204,2.7140624999999994,2.3254551789596247
1205,2.6296874999999997,2.4070264639382266
1206,2.8828124999999996,2.43060337686282
1207,2.6296874999999997,2.425188868071661
1208,2.8828124999999996,2.9277078359946564
1209,2.6296874999999997,2.7047352681704635
1210,3.0515624999999993,2.85328442403991
1211,2.967187499999999,3.164108625913734
1212,3.374999999999999,3.312103726102966
1213,3.1218749999999993,3.2027330162043066
1214,3.206249999999999,3.312615411412578
1215,2.784375,3.79327019645757
1216,3.628124999999999,3.68564843157054
1217,3.599999999999999,3.879776154718636
1218,3.853125,4.044977113590731
1219,3.599999999999999,3.620655527205714
1220,3.853125,3.572648767495009
1221,3.7687499999999994,3.865708093928652
1222,4.0078125,3.796573575784669
1223,3.7546874999999993,4.10619227610797
1224,4.021875,4.012190710414529
1225,3.9234374999999995,3.9148864895559017
1226,3.99375,4.134111281456755
1227,3.7546874999999993,4.229059753590906
1228,4.021875,4.006609242611897
1229,3.7687499999999994,4.15925720333824
1230,4.021875,4.255509836601866
1231,3.6140624999999993,3.874356997485026
1232,3.853125,3.961378266450585
1233,3.4312499999999995,3.98418617692196
1234,3.4312499999999995,3.7729231033631327
1235,2.8406249999999997,3.67650660572914
1236,3.2624999999999997,3.7390466101668327
1237,2.7562499999999996,3.1116852282498617
1238,2.8406249999999997,3.2649891072576303
1239,2.5875,3.2052571521681488
1240,2.8406249999999997,3.034623311926304
1241,2.5875,2.8589233080241376
1242,3.0093749999999995,3.046366953041231
1243,2.7562499999999996,3.2203170538678987
1244,3.0093749999999995,2.952708568248514
1245,2.7562499999999996,3.2849636802450277
1246,3.0234374999999996,3.412175176550845
1247,2.4187499999999997,3.228606158685472
1248,2.8406249999999997,3.2956118820037474
1249,2.5875,3.467759223483337
1250,2.8406249999999997,3.4480809300946293
1251,2.9109374999999993,3.5483926752420194
1252,3.4171874999999994,3.7431921002613286
1253,3.4171874999999994,3.817823773075204
1254,3.6703124999999996,3.558970343446908
1255,3.4171874999999994,3.5307997939763305
1256,3.6703124999999996,3.5339970432185863
1257,3.7546874999999993,3.6486899179563697
1258,4.0078125,3.56963621960285
1259,3.585937499999999,3.752117937677249
1260,4.0078125,3.45792161305533
1261,3.585937499999999,3.5240173355224904
1262,4.0078125,3.709000831375501
1263,3.7546874999999993,3.663668687452229
1264,4.0078125,3.802644392763991
1265,3.585937499999999,3.5467029588675234
1266,3.6703124999999996,3.310717353144584
1267,3.4171874999999994,3.663234695582864
1268,3.6703124999999996,3.716184713766758
1269,3.4171874999999994,3.681643898239128
1270,3.0796874999999995,3.813675124898274
1271,2.9953124999999994,3.3913284663705108
1272,3.0937499999999996,3.3841747862101688
1273,2.7562499999999996,3.650769327576797
1274,3.0093749999999995,3.2360628404727008
1275,2.9249999999999994,3.282712461457952
1276,3.0093749999999995,3.670683043702529
1277,2.9249999999999994,3.2529663189523434
1278,3.178124999999999,3.596313768117015
1279,3.0937499999999996,3.83131655182
1280,3.0093749999999995,3.608746360310213
1281,2.5875,3.7072874029585874
1282,3.178124999999999,3.847716121924593
1283,3.0093749999999995,3.947380508875673
1284,3.4312499999999995,3.659510918263704
1285,3.164062499999999,3.8480420196348577
1286,3.8390625,4.059015742776487
1287,3.4171874999999994,3.7790329734547656
1288,3.8390625,4.007222365740513
1289,3.4171874999999994,4.117515663108208
1290,3.6703124999999996,3.9014111948906103
1291,3.4171874999999994,4.171951666433533
1292,3.4171874999999994,4.272543608179687
1293,3.4171874999999994,4.012706959670199
1294,3.5578124999999994,4.041011097974318
1295,3.5578124999999994,4.113474778052764
1296,3.7546874999999993,3.8808138151038536
1297,3.571874999999999,3.878355673944318
1298,3.7546874999999993,3.920770502459676
1299,3.7546874999999993,3.706919715386898
1300,3.7546874999999993,3.6163036647765017
1301,3.7546874999999993,3.7673387639676754
1302,3.571874999999999,3.6572155447688575
1303,3.571874999999999,3.6083788622253055
1304,3.571874999999999,3.7808738309981376
1305,3.585937499999999,3.552235995558385
1306,3.2343749999999996,3.326852966580656
1307,3.2343749999999996,3.4029181963256327
1308,3.4031249999999993,3.183645653778171
1309,3.571874999999999,3.2504146557190667
1310,3.571874999999999,3.1456079151727616
1311,3.4031249999999993,3.329490292741224
1312,3.4031249999999993,2.907559275099294
1313,3.4031249999999993,2.9802831817359983
1314,3.4031249999999993,3.254345094148481
1315,3.2343749999999996,2.9710318311537627
1316,3.2343749999999996,2.971481237004967
1317,3.2343749999999996,3.601057600581154
1318,3.2343749999999996,3.534794916238112
1319,3.2343749999999996,3.2520356031984883
1320,3.2343749999999996,3.609741852945201
1321,3.2484374999999996,3.56380351572012
1322,3.2484374999999996,3.3504418668915257
1323,3.2484374999999996,3.592265330703309
1324,3.4171874999999994,3.943462927463396
1325,3.4171874999999994,4.110161999403867
1326,3.4171874999999994,3.829675533142127
1327,3.4171874999999994,4.169836070600753
1328,3.4171874999999994,4.120258862171242
1329,3.4171874999999994,4.045204887748328
1330,3.4171874999999994,4.097885801273713
1331,3.4171874999999994,3.9416270464917416
1332,3.4171874999999994,4.25539951480094
1333,3.4171874999999994,4.296841834456116
1334,3.4171874999999994,3.9667503611268673
1335,3.4171874999999994,4.20468195038706
1336,3.4171874999999994,3.886278285197391
1337,3.4171874999999994,4.010084227249007
1338,3.2484374999999996,3.905940340040993
1339,3.0796874999999995,3.9540945002117738
1340,3.4171874999999994,3.647848727145056
1341,3.4031249999999993,3.455593513813035
1342,3.149999999999999,3.831437254691009
1343,2.896874999999999,3.2527093311954256
1344,2.896874999999999,3.749723624173972
1345,2.896874999999999,3.1724211652488465
1346,2.896874999999999,3.196319993908615
1347,2.7281249999999995,3.330255828839208
1348,2.896874999999999,3.3368485090623223
1349,2.896874999999999,2.977156533286795
1350,2.896874999999999,3.4140016427683397
1351,2.896874999999999,3.2027808236382627
1352,2.896874999999999,3.423906630154976
1353,3.0515624999999997,3.323782954106708
1354,2.7281249999999995,3.3009144480416106
1355,3.1359374999999994,3.4088833476537563
1356,3.3890624999999996,3.437157165376139
1357,3.5578124999999994,3.654391526447841
1358,3.3890624999999996,3.617616693574533
1359,3.3749999999999996,3.700794748920568
1360,3.5437499999999993,3.6447840483248832
1361,3.7265624999999996,3.756367319378783
1362,3.7265624999999996,3.7180465074252416
1363,3.7265624999999996,3.587392992987509
1364,3.7265624999999996,3.547976318090099
1365,3.740624999999999,3.546814556088632
1366,3.740624999999999,3.8236161028329017
1367,3.740624999999999,3.872256239577897
1368,3.740624999999999,3.7902331678900554
1369,3.740624999999999,3.885581957053825
1370,3.740624999999999,3.6674670287945768
1371,3.740624999999999,3.439857644889255
1372,3.4031249999999993,3.649992237383623
1373,3.4171874999999994,3.457192748159078
1374,3.4171874999999994,3.3765630706091243
1375,3.4171874999999994,3.5942892406932723
1376,3.4171874999999994,3.526684085261962
1377,3.4171874999999994,3.394466027215073
1378,2.8265624999999996,3.4648439693828266
1379,2.6578124999999995,3.2507914816361483
1380,2.8265624999999996,3.25502791646992
1381,2.5734375,3.2513632511853605
1382,2.5734375,3.1686570086632684
1383,2.5734375,3.172566316644748
1384,2.5734375,3.616811911192495
1385,2.5734375,3.6070775823510086
1386,2.5734375,3.767020052748397
1387,2.5734375,3.881418433910095
1388,2.7421874999999996,3.8859636943084697
1389,2.7421874999999996,3.752667978135348
1390,3.164062499999999,3.9389144094927415
1391,3.4031249999999993,3.85024524914736
1392,3.4031249999999993,3.917720612366657
1393,3.4031249999999993,4.171182118206651
1394,3.4031249999999993,3.8587324918265375
1395,3.4031249999999993,4.133178650675833
1396,3.4031249999999993,3.8602194371353935
1397,3.740624999999999,3.894100473001984
1398,3.9093749999999994,4.108717051530211
1399,3.9093749999999994,3.869215800829699
1400,3.9093749999999994,3.867736545668453
1401,3.9093749999999994,3.697943593348697
1402,3.9093749999999994,3.830105600757366
1403,3.9093749999999994,3.728733644750119
1404,3.9093749999999994,3.4804961013210063
1405,3.9093749999999994,3.710266675622446
1406,3.9093749999999994,3.319717375600405
1407,3.571874999999999,3.236253041040884
1408,3.571874999999999,3.436856066635219
1409,3.4031249999999993,3.2032488374575885
1410,3.4031249999999993,3.505857786479848
1411,3.4031249999999993,3.300835517210154
1412,3.4031249999999993,3.416429010628294
1413,3.4031249999999993,3.4417941151622093
1414,3.4031249999999993,3.167265942149972
1415,3.4031249999999993,3.337002354795233
1416,3.4031249999999993,3.172310635756066
1417,3.4031249999999993,3.59102450126039
1418,3.2343749999999996,3.590233163845177
1419,3.4031249999999993,3.329227455504517
1420,3.4031249999999993,3.526898026354077
1421,3.4031249999999993,3.4741069376270177
1422,3.4031249999999993,3.417138873892393
1423,3.4031249999999993,3.474805859561396
1424,3.2343749999999996,3.4019441476737944
1425,3.2343749999999996,3.877455034236149
1426,3.4171874999999994,3.812713577772057
1427,3.4031249999999993,3.88252645510576
1428,3.571874999999999,3.8830264585404697
1429,3.5578124999999994,3.8190716621249328
1430,3.5578124999999994,3.900078358520161
1431,3.5578124999999994,3.682774658781506
1432,3.5578124999999994,3.851277231401478
1433,3.7265624999999996,3.9114315627466345
1434,3.5437499999999993,3.771629132868544
1435,3.5578124999999994,4.129519903807676
1436,3.5578124999999994,3.7974373752602206
1437,3.3890624999999996,3.828763818713573
1438,3.571874999999999,4.014373503071844
1439,3.571874999999999,3.748377181460732
1440,3.571874999999999,3.662009527571476
1441,3.571874999999999,3.8297208567793737
1442,3.4031249999999993,3.69720025634955
1443,3.4031249999999993,3.662294053045136
1444,3.2343749999999996,3.6635839248859456
1445,3.2343749999999996,3.5168879582591006
1446,3.4031249999999993,3.1874363073556884
1447,3.4031249999999993,3.611463795265883
1448,3.2343749999999996,3.565783111642334
1449,3.4031249999999993,3.1817853221735843
1450,3.5437499999999993,3.1622187370205745
1451,3.5578124999999994,3.4416033503595727
1452,3.5578124999999994,3.1929485796941544
1453,3.3890624999999996,3.093000994198549
1454,3.5578124999999994,3.405263723598132
1455,3.3890624999999996,3.2987020401945064
1456,3.3890624999999996,3.083619773567607
1457,3.3890624999999996,3.081266664674285
1458,3.3890624999999996,3.1481390615136853
1459,3.3890624999999996,3.226074439782905
1460,3.5578124999999994,3.120797415286607
1461,3.5578124999999994,3.295984643658455
1462,3.5578124999999994,3.1133027192092904
1463,3.4031249999999993,3.489293506560828
1464,3.4031249999999993,3.304168383642974
1465,3.4031249999999993,3.12178155315432
1466,3.4031249999999993,3.39970441417117
1467,3.4031249999999993,3.668058263239968
1468,3.4031249999999993,3.3111481482612044
1469,3.2343749999999996,3.4223292930692324
1470,3.2343749999999996,3.6893047603157214
1471,3.2203125,3.5779406051134783
1472,3.2343749999999996,3.482188407716494
1473,3.4031249999999993,3.923988793214634
1474,3.4031249999999993,3.719781766768065
1475,3.4031249999999993,3.49447254118921
1476,3.4031249999999993,3.72945587238707
1477,3.4031249999999993,3.735933866647568
1478,3.4031249999999993,3.7401485509597623
1479,3.571874999999999,3.7414815627535
1480,3.571874999999999,3.798096112048376
1481,3.571874999999999,3.739982911442161
1482,3.571874999999999,3.716198085171645
1483,3.571874999999999,4.075596056438722
1484,3.571874999999999,3.857094805748543
1485,3.571874999999999,3.63134741545272
1486,3.571874999999999,3.620751124160451
1487,3.571874999999999,3.613963150674244
1488,3.571874999999999,3.591381180932506
1489,3.571874999999999,3.476160923250555
1490,3.571874999999999,3.887662683256595
1491,3.571874999999999,3.36914925452939
1492,3.571874999999999,3.475234634430127
1493,3.571874999999999,3.654613168561339
1494,3.571874999999999,3.448604207069929
1495,3.571874999999999,3.2985983096629057
1496,3.585937499999999,3.303925365259262
1497,3.0656249999999994,3.631741496792743
1498,3.0656249999999994,3.3054659213973725
1499,3.0656249999999994,3.521376170688569
1500,3.0656249999999994,3.33114002983851
1501,3.2343749999999996,3.1719358086061966
1502,3.4031249999999993,3.207352334586321
1503,3.4171874999999994,3.1601158578862183
1504,3.4171874999999994,3.106304262730728
1505,3.4171874999999994,3.232702128486004
1506,3.4171874999999994,3.480628407894827
1507,3.740624999999999,3.496685479925474
1508,3.2343749999999996,3.3626150208396948
1509,3.2343749999999996,3.896301218316986
1510,3.4031249999999993,3.6476418011378753
1511,3.4031249999999993,3.761043949402872
1512,3.6562499999999996,3.907862718581475
1513,3.9093749999999994,3.809380688468044
1514,3.9093749999999994,4.014646739127371
1515,3.9093749999999994,4.275703918100093
1516,3.9093749999999994,4.256931701642278
1517,3.9093749999999994,3.9210415958478553
1518,4.078125,4.062113102648024
1519,3.8953124999999997,4.006196161402883
1520,3.9093749999999994,4.117306889046994
1521,3.9093749999999994,4.076973573412047
1522,3.8249999999999997,4.037659833620873
1523,3.9093749999999994,3.439583208041172
1524,3.740624999999999,4.05152209396643
1525,3.571874999999999,3.808963010058293
1526,3.4031249999999993,3.724437266854781
1527,3.4312499999999995,3.665493270884606
1528,3.4312499999999995,3.646789457198622
1529,3.4312499999999995,3.6192876014779287
1530,3.2624999999999997,3.5710960864929646
1531,3.0937499999999996,3.4977463939304183
1532,3.6140624999999993,3.2329358227944063
1533,3.4453124999999996,3.339430284098085
1534,3.4453124999999996,3.251665850270148
1535,3.4453124999999996,3.295896207719391
1536,3.4453124999999996,3.2971848116949465
1537,3.2765625,3.1909941235887693
1538,3.2765625,3.189442981302004
1539,3.4453124999999996,3.1142727563425803
1540,3.4453124999999996,3.0060787299776752
1541,3.4453124999999996,3.35963428688723
1542,3.4453124999999996,3.0560678960543046
1543,3.4453124999999996,3.209015643165049
1544,3.2765625,3.280319443803512
1545,3.0937499999999996,3.3618940904475667
1546,3.2624999999999997,3.4834847523323837
1547,3.853125,3.676600704071437
1548,3.853125,3.6635872956787567
1549,3.853125,3.815478397035061
1550,3.853125,4.108589536066224
1551,3.853125,3.938774594998473
1552,3.853125,3.8541698943807328
1553,4.021875,3.7410899648080536
1554,4.275,3.743388806813127
1555,4.275,3.8738136728300914
1556,4.275,4.251746564651547
1557,4.275,3.931146293158851
1558,4.275,3.7844768436066296
1559,4.275,4.019598242310006
1560,4.275,3.7229105303173258
1561,4.106249999999999,3.734254397495972
1562,4.106249999999999,3.7373813973170114
1563,4.106249999999999,3.683269481347666
1564,4.106249999999999,3.327413505560245
1565,4.106249999999999,3.649926968826115
1566,4.106249999999999,3.495442362238043
1567,3.7687499999999994,3.4805348703771632
1568,3.7687499999999994,3.5037694401069013
1569,3.5296874999999996,3.346275212641582
1570,3.5296874999999996,3.362771672733977
1571,3.5296874999999996,3.217157616369198
1572,3.2765625,3.1030328632030173
1573,3.3609375,3.553569220275409
1574,3.2765625,3.574707400133764
1575,3.5296874999999996,3.318835634388936
1576,3.2765625,3.5368178043951004
1577,3.5296874999999996,3.604980991980712
1578,3.5296874999999996,3.2027473296432865
1579,3.6984375,3.529592426057658
1580,3.6984375,3.5425300113521807
1581,3.6984375,3.357114143702421
1582,3.8671875,3.789440272713705
1583,3.8671875,3.3642151371622813
1584,3.8671875,3.439904763504922
1585,3.853125,3.875845775559864
1586,3.853125,3.866594105704461
1587,3.8671875,3.909091823140876
1588,3.8671875,3.736877445634984
1589,3.853125,3.7919100249183577
1590,4.021875,3.816517476005788
1591,4.021875,3.751346939346651
1592,4.2046874999999995,4.163385682862537
1593,4.0359375,3.6735464011589194
1594,3.8671875,3.539143311298856
1595,4.0359375,3.440676490357834
1596,3.8671875,3.8453034486916646
1597,3.8671875,3.4760929351233
1598,3.6984375,3.200824914980408
1599,3.6984375,3.548280746640484
1600,3.6984375,3.126729781285876
1601,3.7124999999999995,3.465066504594498
1602,3.7124999999999995,3.9016871947024026
1603,3.5578124999999994,3.6301916671277383
1604,3.5578124999999994,3.676700826734395
1605,3.5578124999999994,3.67872910838248
1606,3.5578124999999994,3.6527797577500056
1607,3.5578124999999994,3.0923799222003128
1608,3.3890624999999996,3.510931862624957
1609,3.3890624999999996,3.55991542217556
1610,3.5578124999999994,3.320084947292185
1611,3.3890624999999996,3.7539298917773527
1612,3.3890624999999996,3.816843352260828
1613,3.5578124999999994,3.223888640021769
1614,3.5578124999999994,3.544603030879666
1615,3.7265624999999996,3.5360366225013182
1616,3.7265624999999996,3.427699606623957
1617,3.5578124999999994,3.6428951151902895
1618,3.7265624999999996,3.700223225917739
1619,3.7265624999999996,3.7436733116389176
1620,3.7265624999999996,3.4836891782684485
1621,3.7265624999999996,3.734882026654792
1622,3.8953124999999997,3.486057040117446
1623,4.0640625,3.967418220389692
1624,4.2328125,3.937018279496241
1625,4.2328125,3.7027172326358535
1626,4.2328125,4.028263535233712
1627,4.2328125,3.5886447852097243
1628,4.2328125,3.368601270760469
1629,4.2328125,3.649472736679342
1630,4.2328125,3.665024637046407
1631,4.2328125,3.461725481712331
1632,4.2328125,3.643072200455713
1633,4.0640625,3.5070273834756334
1634,3.8953124999999997,3.4113623595839258
1635,3.8953124999999997,3.3033751420554496
1636,3.8953124999999997,3.378480136362527
1637,3.8953124999999997,3.1758641057793437
1638,3.8953124999999997,3.373708261083758
1639,3.7265624999999996,3.866330129289968
1640,3.7265624999999996,3.306161295931079
1641,3.7265624999999996,3.56000553807669
1642,3.7265624999999996,3.6881259941256337
1643,3.7265624999999996,3.6364958867786816
1644,3.5578124999999994,3.355211045570494
1645,3.7265624999999996,3.2690370215544147
1646,3.5578124999999994,3.225369103900772
1647,3.375,3.101646767108741
1648,3.375,3.566910993965529
1649,3.375,3.5525615410168965
1650,3.7124999999999995,3.167096397568599
1651,3.7124999999999995,3.566922555509433
1652,3.7124999999999995,3.41097271907162
1653,3.7124999999999995,3.4524108763151022
1654,3.7124999999999995,3.776710010195761
1655,3.7124999999999995,3.4685828637149294
1656,3.7124999999999995,3.706339296892587
1657,3.8812499999999996,3.3630485766639104
1658,3.8953124999999997,3.64670774617852
1659,3.8953124999999997,3.5340931689145094
1660,3.7265624999999996,3.4010890729519074
1661,4.05,3.693289149192784
1662,3.7124999999999995,3.527979796117432
1663,3.7124999999999995,3.682572947990884
1664,3.7124999999999995,3.619123646474324
1665,3.7265624999999996,3.475412032055864
1666,3.8953124999999997,3.2290857392676227
1667,3.7265624999999996,3.461583685021063
1668,3.7265624999999996,3.701565031448277
1669,3.7265624999999996,3.689704979703072
1670,3.7265624999999996,3.539975150777176
1671,3.7265624999999996,3.3544356421733097
1672,3.5718749999999995,3.194920697153289
1673,3.7265624999999996,3.591896966393438
1674,3.7265624999999996,3.424336315958769
1675,3.7265624999999996,3.466364705835413
1676,3.7406249999999996,3.396666100401505
1677,3.5578124999999994,3.259124878483441
1678,3.5578124999999994,3.227756078307735
1679,3.7265624999999996,3.1962200475043003
1680,3.5578124999999994,3.4929908881802048
1681,3.5578124999999994,3.2544076759296634
1682,3.5578124999999994,3.413642136746106
1683,3.7124999999999995,3.245130101511714
1684,3.7124999999999995,3.2210931894292374
1685,3.7124999999999995,3.332328385621554
1686,3.7124999999999995,3.6832090049693855
1687,3.7124999999999995,3.461373450194872
1688,3.7124999999999995,3.366186516626452
1689,3.7124999999999995,3.814476551486288
1690,3.7124999999999995,3.59747773397111
1691,3.7124999999999995,3.868511132273526
1692,3.7124999999999995,3.503764454091609
1693,3.8812499999999996,3.745254441057407
1694,3.7124999999999995,3.737194376499279
1695,3.7124999999999995,3.9068474617722577
1696,3.7265624999999996,3.6708585420583697
1697,3.7406249999999996,3.3330643126051736
1698,3.5718749999999995,3.651549802516127
