,real,pred
0,0.0,0.0
1,-0.3560577233762049,0.0
2,-0.3781069968495205,0.0
3,0.025115638088776593,0.0
4,-0.1690141161252251,0.0
5,-0.1260740985457487,0.0
6,0.12491030068766573,0.0
7,0.1012773295245537,0.0
8,-0.22581330594880888,0.0
9,-0.21772777834715007,0.0
10,-0.0002448160853366632,0.0
11,-0.21180917505032437,0.0
12,0.023198382187954003,0.0
13,-0.26829693138966393,0.0
14,-0.18200228183602918,0.0
15,0.08961084923341867,0.0
16,-0.19033655011042094,0.0
17,0.014952504848002923,0.0
18,-0.07118590251324153,0.0
19,-0.16257534932099504,0.0
20,0.038376489490762,0.0
21,0.2689070834341898,0.0
22,-0.20980331324879453,0.0
23,-0.009983545588667653,0.0
24,0.25228721816729194,0.0
25,0.16932331273703793,0.0
26,0.10818883958306913,0.0
27,0.19171012089046657,0.0
28,0.0074915651371756375,0.0
29,-0.1138846384142207,0.0
30,0.18224613661518996,0.0
31,-0.12056330260417403,0.0
32,-0.15352047616861486,0.0
33,0.1620399977806961,0.0
34,-0.2232996824023178,0.0
35,-0.009376287064442157,0.0
36,0.06059606600855327,0.0
37,-0.047995849008112046,0.0
38,0.0037899282210231977,0.0
39,0.23057539209063704,0.0
40,0.06272369155690605,0.0
41,0.06077623223962536,0.0
42,0.273785046422909,0.0
43,-0.13186320258791406,0.0
44,-0.09624158931865523,0.0
45,6.496503334363357e-05,0.0
46,-0.5269273843289569,0.0
47,0.272570866285899,0.0
48,-0.2527939587765555,0.0
49,-0.23275462909165678,0.0
50,0.18297558407159586,0.0
51,-0.1186441373539,0.0
52,-0.14085331426958891,0.0
53,0.11054658232006997,0.0
54,-0.07617212944546026,0.0
55,-0.19880038107490605,0.0
56,0.04959035521203903,0.0
57,0.18958378615212523,0.0
58,-0.11277285568801143,0.0
59,0.052907476857822044,0.0
60,0.21596455348898913,0.0
61,-0.16761009020971618,0.0
62,0.05484375099683447,0.0
63,0.2607246305646582,0.0
64,-0.17591192404194356,0.0
65,0.13177192605330212,0.0
66,0.17327079025038938,0.0
67,-0.13882035930681247,0.0
68,0.1806900594821197,0.0
69,-0.20987881268961295,0.0
70,0.07926074845194098,0.0
71,0.07750339798873629,0.0
72,-0.21787078965831608,0.0
73,0.4462856832572406,0.0
74,-0.0714077453874179,0.0
75,0.11475805024243169,0.0
76,0.16845300780761963,0.0
77,0.13276665487058392,0.0
78,-0.12279140640687958,0.0
79,-0.09662512459567207,0.0
80,0.18600273958059121,0.0
81,0.10052814791479014,0.0
82,-0.22312962701767913,0.0
83,0.22719805289189554,0.0
84,-0.13782130578447038,0.0
85,0.4588345662908153,0.0
86,0.13095107642841042,0.0
87,-0.1561048173457742,0.0
88,0.06403836033784094,0.0
89,0.03911672984028458,0.0
90,-0.22703841139616443,0.0
91,0.06832985076925024,0.0
92,0.013111655008428813,0.0
93,-0.11543990770057921,0.0
94,0.08054418393945151,0.0
95,0.06987788034986353,0.0
96,-0.22775776305237294,0.0
97,0.06683464502661796,0.0
98,0.25196386910376556,0.0
99,-0.2198142517620043,0.0
100,0.07032836349294891,0.0
101,0.11113418972981137,-0.0
102,-0.21070146919031962,-0.0
103,0.021038171772906678,-0.0
104,0.1757833693342119,-0.5625
105,-0.21015997962308774,-0.5625
106,0.06527512507221267,-0.5625
107,0.007707157882482107,-0.5625
108,-0.21648710325163356,-0.5625
109,-0.0370966128779755,-0.5625
110,0.012722519487573303,-0.5625
111,-0.18588264402060006,-0.5625
112,0.08146246126356482,-0.5625
113,0.06005906393667004,-0.5625
114,-0.08549448127385906,-0.5625
115,0.31378936836380134,-0.5625
116,0.007940523164288837,-0.5625
117,0.060444669445380406,-0.0
118,0.23660890329192497,-0.0
119,0.1976844214462754,-0.0
120,-0.22032340906596448,-0.5625
121,0.39200876825798625,-0.0
122,0.2825629149657911,0.5625
123,-0.22141481179341438,0.5625
124,0.0693080865225626,0.5625
125,-0.05312678282048766,0.5625
126,-0.2183052423011569,0.5625
127,0.014205837505564256,0.5625
128,-0.12149497990512048,0.5625
129,-0.21573856994860585,1.6875
130,0.15766344911594454,1.125
131,-0.14127355652753093,1.125
132,-0.1611802438246479,1.6875
133,-0.19256596752788102,-0.0
134,0.179082984550744,-0.0
135,-0.228420396269571,0.5625
136,0.07349159382915027,-0.0
137,-0.3947458833820026,-0.0
138,0.026400624138880557,-0.5625
139,-0.1431421889733222,-0.5625
140,-0.24909309308189598,-0.5625
141,-0.22539128262651487,-0.5625
142,0.07123000845763605,-0.5625
143,-0.5631086777309783,-1.6875
144,-0.08853921504338036,-2.25
145,-0.1587527870184916,-1.6875
146,-0.11975112403588206,-2.25
147,-0.19094693093388426,-1.6875
148,0.17885434588834115,-1.6875
149,-0.2405809946657227,-1.6875
150,-0.1397741523491498,-1.6875
151,0.06581097612510245,-1.6875
152,-0.2004983111828691,-1.6875
153,0.1558183833326432,-1.6875
154,0.08482700190096404,-1.6875
155,-0.2091264274443343,-1.125
156,-0.005662291064816305,-1.125
157,0.24701177806125862,-1.125
158,-0.22146450517841776,-1.125
159,0.04208620517897588,-2.25
160,0.10969354953565169,-1.6875
161,-0.14724729247217594,-1.6875
162,0.0487692368152115,-1.125
163,0.2262953938868657,-1.125
164,-0.07042947761606344,-1.125
165,-0.02432809949749304,-1.125
166,0.09954410328467422,-1.125
167,0.10792551935224948,-1.125
168,0.05907605333775212,-1.125
169,0.2652525052783219,-0.5625
170,-0.23336100335354282,-0.5625
171,0.1853402397484587,-0.5625
172,0.07406029124592606,-0.0
173,-0.22555753216271512,-0.5625
174,0.2114682760005946,-0.5625
175,0.1043981544459236,-0.5625
176,-0.16644877470966501,-0.5625
177,0.12893298112327023,-0.5625
178,-0.11263048520914065,-0.5625
179,-0.116245987978982,-0.5625
180,0.14478781618412573,-0.5625
181,0.22092892925450203,-1.125
182,-0.05453799918607882,-1.125
183,-0.1002571320843787,-1.125
184,0.24543882873419176,-1.125
185,-0.013630449312572068,-1.125
186,-0.1948285770245206,-1.125
187,0.18106137056972682,-1.125
188,-0.21439863423685945,-1.125
189,-0.07549737109518628,-1.125
190,0.23683313192941768,-1.125
191,-0.04941946011498177,-1.125
192,-0.056874782058122575,-1.125
193,0.11968236851388159,-1.125
194,-0.19170162901928445,-0.0
195,-0.030500240900368847,-0.0
196,0.26510008320125045,1.125
197,0.039746321413204444,0.5625
198,0.11011156425898827,0.5625
199,0.1451372567981679,0.5625
200,0.11559156631778911,1.6875
201,-0.034779147506341035,1.6875
202,0.23947699205007145,1.6875
203,0.08633467381781168,1.6875
204,-0.17743626246159705,2.25
205,0.4041418688280112,1.6875
206,0.09116022766573739,1.6875
207,-0.026412535133142123,1.125
208,0.19466385110467121,1.125
209,-0.04124896811077061,1.6875
210,-0.02868861159671754,1.125
211,0.013180109814345586,1.125
212,-0.10542724075538557,1.125
213,0.0015419220840886538,1.125
214,0.3639080202860161,1.125
215,0.05178654258133819,1.125
216,0.05967317177572118,3.9375
217,0.20349772693118418,3.9375
218,0.3445834522257951,4.5
219,-0.13724620496115714,4.5
220,0.28465141725878795,4.5
221,0.09678532773431225,3.9375
222,-0.21952885569099156,3.9375
223,0.09401338614956678,3.9375
224,-0.18607063707793137,4.5
225,-0.08518954858680594,4.5
226,0.05138611861969311,3.9375
227,-0.21497750484488154,3.9375
228,-0.40554527877369917,3.9375
229,-0.21641618870060286,3.9375
230,-0.15553487026983215,3.9375
231,-0.11954072295046125,3.9375
232,-0.3910506111630434,3.9375
233,-0.2805004939636372,3.9375
234,-0.08346524649498654,3.9375
235,-0.14187532565009686,3.9375
236,-0.2776426583989954,3.9375
237,-0.31324027809222577,3.9375
238,0.2525718635520864,3.9375
239,-0.3037164815457014,3.9375
240,-0.21856101522666815,3.9375
241,0.21737465005080114,4.5
242,-0.2603524700012325,4.5
243,-0.22289329591930152,4.5
244,0.22364607105932355,4.5
245,-0.09646886441168578,4.5
246,-0.012573339533775818,2.8125
247,0.17298263324616991,2.8125
248,-0.46495739594959834,2.8125
249,0.1423852795711864,2.8125
250,0.15757688515418988,2.8125
251,-0.1648402679474852,2.8125
252,0.2683844976288763,2.8125
253,0.13976791711504544,2.8125
254,-0.012603516706614637,2.8125
255,0.13719214011910452,2.8125
256,0.022625537602515955,2.8125
257,-0.1826897826045577,2.8125
258,0.19884743082149003,2.8125
259,0.6092114252755281,3.9375
260,0.19828080531677195,3.9375
261,-0.12566652932288003,3.9375
262,0.2998044833551603,4.5
263,0.17528476775558555,4.5
264,-0.1905385489721454,5.0625
265,0.3944634501128348,5.0625
266,-0.21027981766801873,5.0625
267,0.3849957204408334,6.75
268,0.21030917173846286,7.3125
269,-0.16331206257427344,7.3125
270,0.03551904770741354,7.3125
271,0.2687034393443677,6.75
272,0.28045577224596574,6.75
273,0.4208370289903387,7.3125
274,0.2533654118582578,6.75
275,-0.019155274446523873,6.75
276,-0.004413274684122781,9.5625
277,0.26330179464028425,9.0
278,-0.09712724894861635,9.0
279,-0.22140178801271437,9.0
280,0.09209684451428735,9.0
281,-0.08893227442371088,9.0
282,-0.21279989509671982,9.0
283,0.012758395049505378,9.0
284,-0.34508066232653745,9.0
285,-0.218899495024109,9.5625
286,0.0798415734398743,9.5625
287,-0.03619786490205301,9.0
288,-0.29136696104918136,9.5625
289,-0.11210142872483508,10.125
290,-0.13167782200542855,8.4375
291,-0.4180178061431641,7.875
292,0.2411295018694226,7.875
293,-0.021952224467450376,7.875
294,-0.02772971410722147,7.875
295,0.4528966442648279,7.875
296,0.1130274953284589,6.75
297,0.02001204300628301,6.75
298,0.5499439850792291,6.75
299,0.11481735884142519,6.75
300,-0.09008231612417983,6.75
301,0.2303661396672827,6.75
302,0.13476482316244165,6.75
303,0.14298410775769588,6.75
304,0.2039663644695171,6.75
305,0.23039632239979646,6.75
306,-0.04303753492186857,6.75
307,0.014991304554616502,6.75
308,0.0434009269019906,6.75
309,0.03651124395059102,6.75
310,0.06774282195603265,6.75
311,-0.14147276735086423,6.75
312,-0.16055346138809368,6.75
313,-0.18416446629158656,6.75
314,-0.013080949448902146,6.75
315,-0.14978794436638765,6.75
316,0.03232792140263241,6.75
317,-0.020056119712287712,6.75
318,-0.13408664309880802,6.75
319,0.009341162371582667,6.75
320,0.05878395455770391,7.3125
321,0.26865391593694676,4.5
322,0.24810318634809292,3.375
323,0.25387066519269164,2.25
324,0.22241977449287775,2.25
325,-0.2439775545662466,2.8125
326,0.23376962979591487,1.6875
327,0.23546196648816053,1.125
328,-0.22747293493485177,1.125
329,-0.39521403212573164,1.125
330,-0.21194945182465386,1.125
331,-0.03476562790242266,1.125
332,-0.2867188976821967,1.125
333,-0.3308020461306671,1.125
334,-0.21679940031697897,1.125
335,-0.08500700925509963,1.125
336,-0.08730994540495263,1.125
337,0.18395543606108644,2.25
338,0.44211849560350425,2.25
339,0.6807665566286143,2.25
340,0.6667815804297657,4.5
341,0.9598956252247011,4.5
342,1.0790987295061598,4.5
343,1.1049701704639632,5.0625
344,1.2619854941312159,5.625
345,1.1537600456106902,5.0625
346,0.8493254437336228,4.5
347,0.9207664466999099,5.0625
348,0.7653129861597101,3.9375
349,0.5246876285868711,3.9375
350,0.36798748820989924,3.375
351,0.02129102126219362,3.375
352,-0.18552257398365646,4.5
353,-0.23076150253112448,4.5
354,-0.26725688189396957,4.5
355,-0.6135182897705207,2.8125
356,-0.5885897965727428,2.25
357,-0.5283447472283525,1.6875
358,-0.7634621462917853,1.125
359,-0.4506147316276447,0.5625
360,-0.7521813633871769,0.5625
361,-0.6685291382073798,0.5625
362,-0.5268972701334617,-0.0
363,-0.10692595028695484,1.125
364,-0.20081075408366333,0.5625
365,-0.2360602379645892,1.125
366,-0.3153106763311748,1.6875
367,-0.12501033690635355,1.125
368,0.2121562871294771,2.25
369,0.44866368268500456,1.6875
370,0.46199970779251887,2.25
371,0.8033316086732867,2.25
372,0.7038744670774897,2.25
373,0.5412454568485243,2.25
374,0.22784303167851716,2.25
375,-0.11503988698637424,4.5
376,0.05664086675746227,4.5
377,0.19363009345843696,4.5
378,0.6959432381275306,3.9375
379,0.6936606265665917,3.9375
380,0.5866159951997909,3.9375
381,0.5500983514630546,3.9375
382,0.25341304890013405,3.9375
383,-0.21185142781953337,3.9375
384,-0.23213019579727634,3.9375
385,-0.37371103146323037,3.9375
386,-0.30295379240357667,3.9375
387,-0.3840928921126384,3.9375
388,-0.4212546883022408,3.9375
389,-0.6453000275238192,3.9375
390,-0.6094600959026009,3.9375
391,-0.31933066392215514,3.9375
392,-0.5209465636678219,3.9375
393,-0.7400149498203921,3.9375
394,-0.1385230131203783,3.9375
395,-0.3230746198074872,4.5
396,-0.4485514131528699,4.5
397,0.05111442334918026,3.9375
398,0.4864804854391158,5.0625
399,0.561632424331576,7.3125
400,0.9431060061004677,2.8125
401,1.500974983743897,3.375
402,1.2475340346167487,5.625
403,1.0434206272173363,4.5
404,1.2177786965969115,5.625
405,0.9201174124413376,5.0625
406,0.5759593699675054,3.9375
407,0.573665955206063,2.25
408,0.03241768656455912,-12.9375
409,-0.17408800819588932,-17.4375
410,-0.30537217714074205,-21.9375
411,-0.5569837647855913,-24.75
412,-0.782211019717526,-11.8125
413,-0.8780762596985408,-14.0625
414,-0.506933911282409,-6.1875
415,-0.8862049651419088,-7.3125
416,-1.4641863730148446,-6.75
417,-1.3515293612208088,-6.1875
418,-1.7324759379250978,-4.5
419,-2.559664961728175,-0.5625
420,-1.9793368237297164,3.375
421,-2.997674834825358,9.5625
422,-4.011907978267707,16.3125
423,-4.544323764724461,23.0625
424,-3.599916489295686,36.0
425,-1.9651523546892438,9.5625
426,0.23387533875550415,18.0
427,3.3965787534914833,26.4375
428,6.830064233103397,34.3125
429,9.577295004593482,41.625
430,12.939980581148665,47.8125
431,14.366417016426444,52.3125
432,15.967045799944652,55.6875
433,15.697634046483648,55.125
434,14.721558335380687,54.0
435,11.585964401010376,50.0625
436,7.97194361130762,45.0
437,5.466210333412591,38.25
438,2.712994773733703,29.25
439,0.4150850126656227,21.375
440,-1.8701022448087137,10.6875
441,-3.93939081254916,2.25
442,-6.267989215142509,-9.0
443,-8.438131154162658,-18.5625
444,-11.373271989587622,-29.25
445,-12.813194842717765,-38.25
446,-14.693162703148973,-45.0
447,-15.431886679061114,-51.1875
448,-17.66111153255353,-55.125
449,-18.704787029440787,-57.9375
450,-18.460443087396857,-60.1875
451,-18.137495907857787,-61.875
452,-17.679047371499177,-62.4375
453,-16.275322283380422,-61.875
454,-15.558612456945214,-59.625
455,-12.064064874362993,-56.8125
456,-7.863180942040311,-52.3125
457,-3.0872268861713144,-46.6875
458,3.5043481003352257,-40.5
459,9.504352135354976,-32.0625
460,17.768349573120616,-25.3125
461,23.440661182042366,-16.875
462,27.505330113796408,-9.0
463,32.62179238905076,-1.6875
464,34.76599403912905,5.0625
465,37.02075377024089,14.625
466,38.198220653680536,20.8125
467,37.83515318964021,27.5625
468,36.90661673747806,35.4375
469,34.19378613782662,40.5
470,30.945408459645613,44.4375
471,25.709961263028898,48.9375
472,20.94866228911756,51.75
473,15.89748908422626,54.5625
474,10.283537278885806,54.0
475,5.58653295465992,57.375
476,1.5434779994234915,59.625
477,-1.9887948754529694,59.625
478,-4.076859847534239,57.375
479,-7.458055002085282,55.6875
480,-9.031267522455122,-20.8125
481,-10.207808452822752,64.6875
482,-12.910832647902668,-37.125
483,-15.250745542092561,-47.8125
484,-17.02947884650869,-42.1875
485,-18.229242827426397,-54.0
486,-18.819468920596407,-64.6875
487,-19.269743279904482,-75.375
488,-20.000422107339283,-82.6875
489,-18.661917176509803,-91.125
490,-17.275788318075605,-96.75
491,-16.26677476887347,-101.8125
492,-16.225449452281094,-109.125
493,-14.67969858438146,-54.5625
494,-11.827878964903077,-52.3125
495,-10.735679966052594,-53.4375
496,-8.185125537229624,-53.4375
497,-5.377603210964157,-50.625
498,-1.7928359244469467,-46.125
499,1.0509893202780602,-39.9375
500,5.097859020483958,-33.75
501,9.05721850268299,-26.4375
502,13.597194075319598,-18.0
503,18.46721240168957,-11.25
504,21.368641640037442,-2.8125
505,23.92217003673925,6.1875
506,26.25712232085133,16.3125
507,27.075037814923967,28.125
508,28.60433231323878,39.9375
509,29.354014673290763,38.8125
510,30.333247932854302,51.1875
511,31.10825739050094,63.0
512,31.02656883722926,73.6875
513,31.284882231433407,81.5625
514,30.26820165750522,91.6875
515,28.05495136889697,102.375
516,25.714715198173113,110.8125
517,22.561589356437143,119.8125
518,19.315889272587942,125.4375
519,15.243338312897434,129.375
520,10.719203961292445,129.375
521,6.261658269607788,126.5625
522,3.2393122913829577,123.1875
523,0.7186481018770059,118.6875
524,-0.5615626108929933,113.0625
525,-0.8064629910283678,108.5625
526,-1.2643855273298221,97.875
527,-0.3951175282370787,88.3125
528,-0.12264260640007496,78.1875
529,0.8347160327782028,64.125
530,-0.5774821874449395,-6.75
531,-2.374797822367487,-21.9375
532,-8.280547187568208,-33.75
533,-14.2469246924465,-25.3125
534,-19.601183982613342,-34.875
535,-20.573568996617453,-43.875
536,-20.578858431557045,-53.4375
537,-19.673654284846116,-62.4375
538,-16.14472827205529,-43.875
539,-14.857212366552307,-51.1875
540,-13.342783401217334,-57.375
541,-12.391724357093958,-45.0
542,-14.184083417378785,-46.125
543,-15.900922528844955,-46.125
544,-15.420303110943143,-42.75
545,-15.360167621570485,-40.5
546,-12.448156883796347,-37.125
547,-12.367069340712666,-32.625
548,-11.225261792731917,-25.3125
549,-8.511679850346452,-17.4375
550,-6.480124052250347,-8.4375
551,-2.9684695718558496,2.25
552,1.5230691070780258,13.5
553,7.518609310323694,26.4375
554,14.546889571738717,39.9375
555,22.127474102340138,54.0
556,27.416968473711037,21.375
557,29.847592392351345,30.9375
558,30.539353644316986,42.1875
559,30.634880108555883,30.9375
560,30.283591440786935,37.125
561,30.713318425297203,42.75
562,30.127814405699894,48.375
563,31.076490121866065,38.8125
564,32.28759368382193,39.9375
565,31.738261215758122,39.375
566,30.01304397878941,34.3125
567,25.665837938955818,34.3125
568,21.20405290694111,27.0
569,15.806929710220862,17.4375
570,9.892327596445737,7.3125
571,4.808039743023748,25.875
572,2.5306001896158214,15.75
573,0.6717690874622051,4.5
574,0.12934944245308932,-5.625
575,-0.2723424829724165,-15.1875
576,1.3613281716122472,-24.75
577,1.0658323233646207,-34.875
578,0.12929050910417417,-43.3125
579,-2.6785903369174733,-50.0625
580,-7.7742406893946585,-54.5625
581,-10.54396287910702,-59.0625
582,-12.944550783511668,-61.3125
583,-13.33068746730786,-64.6875
584,-12.645070533721553,-64.6875
585,-12.549839977245496,-62.4375
586,-11.63868029036225,-58.5
587,-12.013094441073314,-54.5625
588,-14.151328503581245,-21.9375
589,-15.706343651574477,-15.75
590,-18.763863185047086,-9.0
591,-19.88445931705187,-0.5625
592,-18.505363637293346,7.3125
593,-16.831098503452278,16.875
594,-13.98642387294123,26.4375
595,-11.120310279584583,-6.1875
596,-7.484190265408557,2.25
597,-3.270602766894574,9.5625
598,0.4698075113211757,18.0
599,4.999238192689295,27.0
600,8.86198160674366,31.5
601,12.89321067694235,37.125
602,16.51318869833584,41.0625
603,19.892954843747397,43.3125
604,22.20707184698369,43.3125
605,24.400210688468654,41.625
606,25.49469911858376,41.0625
607,26.816953689926144,37.125
608,28.18931841853827,34.3125
609,30.77806759131707,29.8125
610,31.90753777993725,24.75
611,31.695087728775285,17.4375
612,31.612544436445,9.5625
613,30.42321662846765,1.125
614,27.31695988236157,-9.0
615,23.721141153931487,-18.5625
616,20.7222086001931,-28.125
617,16.238234679715042,-38.8125
618,11.315310016636653,-49.5
619,7.070929888284402,3.375
620,2.927043824494848,1.6875
621,-2.035793719723113,-3.9375
622,-5.362738141351518,-7.875
623,-8.972511560618791,-11.25
624,-11.091715976559149,-14.625
625,-15.036846243731052,-15.1875
626,-16.420033643658737,-15.75
627,-19.496815389643107,-20.25
628,-20.736198253274484,-19.125
629,-20.767650631750218,-16.3125
630,-21.38728572298785,-11.25
631,-20.57740759999497,-7.875
632,-19.55737753059707,-3.375
633,-17.889817085905953,0.5625
634,-15.465384217458592,6.75
635,-12.83489084747043,14.0625
636,-10.317854210684336,21.375
637,-8.297410789008328,29.8125
638,-6.6084024709216,37.125
639,-3.500652909107517,44.4375
640,-1.0597204308289314,51.75
641,1.9095165597490007,56.8125
642,4.969328484999921,64.125
643,8.18340538708748,70.3125
644,10.800111523610294,75.9375
645,13.32010812333029,81.5625
646,15.571890380571082,86.0625
647,17.84493359952977,88.875
648,20.416763772795957,91.6875
649,21.943025848502547,91.6875
650,24.03156164942679,91.6875
651,25.949835382339565,91.6875
652,26.942239235260892,90.0
653,26.871802675954832,87.75
654,25.154507369761014,84.375
655,23.045229930005306,81.0
656,21.514056150466686,76.5
657,19.753424987982562,71.4375
658,19.12252963911049,65.8125
659,17.5786966387096,59.0625
660,16.28807634841982,52.3125
661,14.001478529135873,45.0
662,12.160818480991685,38.25
663,9.972838154514976,30.9375
664,7.948205663612545,25.875
665,5.6996043079711205,21.375
666,1.225123801528768,15.1875
667,-1.438472005561926,10.125
668,-5.225500077617564,6.75
669,-8.140833355916289,3.375
670,-11.416767995494565,-0.0
671,-14.451921523989334,-2.25
672,-15.140866105106712,-5.625
673,-15.055367551710141,-5.625
674,-16.784012255026372,-8.4375
675,-15.687526658381064,-7.875
676,-15.025255685361474,-13.5
677,-14.458419621746328,-11.25
678,-14.366255538459562,-8.4375
679,-13.081006177934913,-5.0625
680,-12.192194890010553,-0.5625
681,-11.680096059507825,3.375
682,-11.592134429209409,6.75
683,-9.67188147296327,11.8125
684,-8.121793285612542,17.4375
685,-5.665219591434551,22.5
686,-3.28974780650009,25.875
687,-1.604808396040084,30.9375
688,1.7898676042754362,34.3125
689,4.6436181574616295,38.8125
690,7.197758321401262,42.1875
691,10.374894443006673,45.5625
692,11.701647535135375,48.9375
693,14.058420126583956,50.625
694,15.570194843833667,52.875
695,16.734927006039648,54.0
696,18.04307702327093,55.6875
697,18.546309938755,55.125
698,19.50191895162048,55.125
699,20.27606678815043,54.0
700,21.023010287783947,52.875
701,22.355605473674657,51.1875
702,21.861178860618942,47.8125
703,21.45802462111847,44.4375
704,20.305862845523663,40.5
705,19.101438762782152,36.5625
706,16.649304630331848,33.1875
707,13.728679712760405,29.8125
708,11.090508415998228,27.0
709,8.950592145480694,24.75
710,7.226175829828704,22.5
711,5.806408160456014,19.125
712,2.849417395040221,14.0625
713,0.24289789583321264,10.6875
714,-2.550399644740099,12.375
715,-4.634110357232487,12.375
716,-7.390368433424113,11.8125
717,-8.638352066090114,10.125
718,-9.90976275097725,10.125
719,-10.442532188747885,9.5625
720,-10.241595063238872,10.6875
721,-10.301729767399,11.25
722,-10.473310682569226,14.625
723,-10.712619091467355,17.4375
724,-11.48282408104635,20.25
725,-10.271422491674732,23.0625
726,-10.214930640876924,25.875
727,-10.063401649612445,29.25
728,-8.21766285642893,32.0625
729,-5.766380157486378,37.125
730,-4.826642110939564,41.0625
731,-4.021801921865385,45.0
732,-2.977801741100259,48.375
733,-1.961679566122995,51.1875
734,-1.492430207471748,53.4375
735,-0.16953163484277023,56.25
736,1.9168871864047647,58.5
737,4.095809749249567,60.1875
738,7.018479750389898,63.5625
739,8.448819640677542,64.6875
740,9.464595761281982,64.6875
741,10.911118087065338,64.6875
742,13.14111346841725,63.5625
743,14.04515122109402,18.5625
744,14.086395502874627,17.4375
745,14.101934664761552,15.75
746,14.092728848499373,62.4375
747,14.291201432122877,59.625
748,14.236709489698443,57.9375
749,13.994372316915738,55.125
750,13.3424933306789,53.4375
751,12.328377259984157,50.625
752,11.607331902757617,23.625
753,9.835341482252973,23.0625
754,8.96944577845151,21.9375
755,8.828552975516955,20.25
756,8.843154288346375,19.125
757,7.330667294268211,18.0
758,5.537409063630478,16.875
759,3.244515941217335,16.3125
760,1.4348843361005181,15.75
761,-0.6105205222396002,15.75
762,-1.8302881478423605,16.3125
763,-3.1609603526047367,15.75
764,-5.0915385524177,15.1875
765,-5.319664238873161,15.75
766,-5.739914500139869,14.0625
767,-6.799215375780497,12.9375
768,-7.747571324600007,14.625
769,-8.475833406654832,15.75
770,-8.65703642857922,18.0
771,-8.771535670219999,18.5625
772,-8.210569081020653,21.375
773,-7.849434937079898,23.0625
774,-7.160078825003228,25.875
775,-6.285780101326665,-3.9375
776,-5.600488292149428,-2.25
777,-4.302248928650905,-2.25
778,-3.9640113632237046,-2.25
779,-3.2284351945672407,-4.5
780,-2.0421092711546933,-3.9375
781,0.2511367380867682,-5.0625
782,1.713774001383191,-4.5
783,3.7153771316248365,-5.625
784,6.319094551635477,-3.375
785,7.764017144836498,-2.25
786,8.507908626510016,-3.9375
787,9.20909162616144,11.25
788,10.354289039482735,10.125
789,10.586358128928717,11.25
790,11.912349578639896,11.25
791,13.097457312630654,11.8125
792,13.564481384699596,10.6875
793,14.79086995832881,18.0
794,14.91111030986946,18.0
795,15.004074233209517,18.0
796,14.888371066843,17.4375
797,13.40828788544977,15.75
798,11.725491341453129,14.625
799,9.759077894801013,14.0625
800,7.974275735615298,13.5
801,7.998278984043014,12.375
802,5.854690878442742,12.375
803,3.799181843099647,11.8125
804,2.043246945058492,11.8125
805,-1.108453484469768,11.8125
806,-2.963718380129899,10.6875
807,-4.4592987172041685,10.6875
808,-4.600788928506136,11.25
809,-5.981931502998892,12.375
810,-6.288903199789433,12.375
811,-6.573846809809463,14.0625
812,-6.894997667206163,3.375
813,-7.188748370960045,4.5
814,-7.312568744331403,3.9375
815,-7.314217737159664,5.0625
816,-7.17654827468131,6.1875
817,-6.102114542818305,1.125
818,-5.246445447046484,1.125
819,-3.292517207908568,2.25
820,-2.2146946283635165,2.8125
821,-0.9950602298838679,2.8125
822,0.4976391098619677,4.5
823,0.5453098492066053,5.0625
824,0.6721436094086313,6.1875
825,0.8813403118452552,6.1875
826,1.4700142604799795,6.1875
827,2.319183712053369,6.75
828,4.075625508888978,6.75
829,5.6600974259695365,6.75
830,6.867359200985104,7.3125
831,7.669703434084158,7.875
832,8.449857280178232,7.875
833,9.399743886257825,7.875
834,10.063814930371732,10.6875
835,11.141732284906066,11.8125
836,9.862216546086447,11.8125
837,10.36831898630705,12.375
838,8.987974645315562,12.375
839,8.372458970807868,13.5
840,8.098495951712982,13.5
841,8.427225825434148,12.9375
842,8.261100774164847,12.9375
843,7.938007536931475,12.375
844,6.90705888692962,12.9375
845,5.7567947321141535,13.5
846,5.0046661140427,13.5
847,2.772331336283779,14.0625
848,3.046226725771163,19.6875
849,1.982658828627882,20.25
850,1.0552704056317836,20.25
851,0.15657997039720906,20.25
852,0.4606831484016858,24.1875
853,0.007630657681770625,25.3125
854,-0.06444869150194354,25.3125
855,-0.5900522073199574,24.75
856,-1.4466642978468502,23.625
857,-2.1024271644153707,22.5
858,-2.6412516760122484,22.5
859,-2.9812854215891624,23.0625
860,-2.9646991934502243,23.625
861,-2.8060352696795,23.0625
862,-2.698612832503368,23.0625
863,-2.231019373163768,23.0625
864,-2.1709622925928977,21.375
865,-1.7019577954549834,20.25
866,-1.2532983264835045,19.125
867,-1.2595307962251507,16.875
868,-0.9439354567110247,16.875
869,0.2882194374315932,7.875
870,1.1567888355929894,7.3125
871,1.886382787491198,7.3125
872,2.374135891256908,3.9375
873,3.397691755243623,2.8125
874,2.9393527492326577,3.375
875,3.368036252678146,2.25
876,3.9957715421870716,2.25
877,4.757582500524757,1.125
878,5.28276272682924,0.5625
879,6.1385192863177895,0.5625
880,7.009461551866321,0.5625
881,7.473070808015444,0.5625
882,7.845043900438616,1.125
883,7.9455794584604655,1.125
884,7.741631138554465,2.8125
885,7.925833785933265,3.9375
886,7.5013252727403605,4.5
887,7.334076575576261,5.0625
888,7.092018097896454,5.0625
889,6.8992574201937655,6.1875
890,6.147935159789225,6.75
891,5.244801511831438,9.0
892,4.720317888786193,9.0
893,3.817462348127706,9.5625
894,2.99612504515441,11.8125
895,2.9220089449339453,11.25
896,2.695836515664614,12.9375
897,1.8271277156725405,12.375
898,1.5227775015733214,13.5
899,0.42615028556235135,14.0625
900,-0.3488162705377418,6.75
901,-1.006578936009405,4.5
902,-1.0731732633961806,4.5
903,-0.750172621363945,2.25
904,-0.35627602220329924,1.6875
905,-0.6725182423396611,2.8125
906,-1.0808958163045235,3.375
907,-1.776392143374447,2.25
908,-2.686668811791031,1.125
909,-2.9777063773678423,1.125
910,-3.0323400543598114,0.5625
911,-2.698023043705133,0.5625
912,-2.1689575046752934,-0.0
913,-1.5628776952124193,-0.5625
914,-0.4201982714262741,-0.0
915,0.7888071403533194,-1.125
916,1.8785879455819978,-1.125
917,2.8436621785083327,-1.6875
918,4.125807750995576,-2.25
919,5.585810730401546,13.5
920,6.293441198628357,14.0625
921,6.567589965642818,15.75
922,7.306978870755654,16.875
923,7.621634125069636,18.0
924,7.112953040343127,18.5625
925,7.123789999278556,19.125
926,7.597399315898584,20.25
927,7.481173637145759,21.9375
928,8.062574704835777,23.625
929,8.608869364521853,24.75
930,9.61039454988331,24.75
931,9.824488476453922,25.875
932,9.180808003519376,27.5625
933,8.545439573205035,27.5625
934,6.98919040437682,27.0
935,5.481370009400278,27.0
936,4.1975698145162275,26.4375
937,3.4731801890858316,28.6875
938,3.6300068737438265,28.125
939,2.7886609212383773,28.125
940,1.7564921530650988,28.6875
941,0.7111269587521816,28.125
942,-0.2725770349339043,27.0
943,-1.0846146696407035,25.875
944,-2.0300763039076983,24.75
945,-2.642208680810019,23.625
946,-3.3768906212485525,22.5
947,-3.551998592763793,23.0625
948,-2.763427653980384,20.8125
949,-2.4539151529237913,19.125
950,-2.1508405893817373,17.4375
951,-2.453229839070418,15.1875
952,-2.2327708306458036,13.5
953,-2.636650581606972,14.625
954,-3.0946345608879033,12.9375
955,-2.444839957444687,12.375
956,-1.2636163398023577,12.375
957,-1.023992937763686,12.9375
958,0.5708919160649135,5.0625
959,1.2232802041271194,5.0625
960,1.4643242624126473,5.0625
961,1.900775503374936,5.0625
962,1.939435670521563,6.1875
963,3.1371992294502986,5.625
964,4.40391555320502,6.75
965,5.230050887155963,7.875
966,6.3039469711191485,9.0
967,7.078124211336292,9.5625
968,7.911924972568939,10.125
969,8.063215793381065,12.375
970,7.5383541928808855,12.375
971,7.354650430820704,14.625
972,6.912233963140228,16.3125
973,7.474370451072288,16.875
974,7.247035632013877,18.0
975,7.816263018983562,18.0
976,7.812529805411299,19.125
977,7.712901147455688,20.25
978,7.119102675550889,20.25
979,6.754684738230188,20.25
980,5.567714907492819,20.8125
981,4.994973740360727,19.6875
982,4.335612156552229,20.25
983,3.6656381997676366,19.6875
984,3.7174823665027423,18.5625
985,2.888803573311912,18.0
986,2.4553185430795352,17.4375
987,1.1838619740942178,16.3125
988,-0.4044196563829655,15.1875
989,-1.491348216026576,14.625
990,-1.7414936019555993,12.9375
991,-1.8567084827167113,12.375
992,-2.150101413246479,10.6875
993,-2.239407454717031,10.6875
994,-2.0611757748954145,11.25
995,-2.142186880011378,9.5625
996,-2.048667398321693,3.375
997,-1.9799609514658256,1.125
998,-1.9070889736424201,3.375
999,-2.0852523595791967,2.25
1000,-1.5112588363396227,0.5625
1001,-1.2671829925911142,-0.0
1002,-0.5351366800345528,-0.5625
1003,-0.02117954113553655,-0.0
1004,0.9329458994554365,1.125
1005,2.111853426848664,0.5625
1006,2.888240756125115,1.6875
1007,2.6172333992553005,2.25
1008,3.514304718544614,3.375
1009,4.577004156877109,5.0625
1010,5.348955343909751,5.625
1011,5.826318543148456,6.1875
1012,6.603009536882239,7.875
1013,7.212033468284392,11.25
1014,7.5106679599404655,11.8125
1015,7.774473404247829,12.9375
1016,7.521089996597463,13.5
1017,7.403590623160645,14.625
1018,7.4229834866797875,16.3125
1019,7.694018034778563,16.875
1020,7.353584523429478,18.0
1021,7.242694698217359,18.0
1022,6.727474770664527,20.25
1023,5.80240936897274,19.125
1024,4.711336450251328,23.625
1025,3.8195822249427787,23.0625
1026,2.963692302208231,21.9375
1027,2.4109427203085545,21.375
1028,2.8702062624287468,19.6875
1029,2.7333249146700265,19.125
1030,2.2951077516255447,19.125
1031,1.702367404434632,18.0
1032,0.7539527630332126,17.4375
1033,-0.25322412567877595,15.75
1034,-0.9491285488625851,14.0625
1035,-1.457686342865185,13.5
1036,-1.2904888943977197,12.375
1037,-1.1143397571335427,11.8125
1038,-1.2319946298828468,10.125
1039,-1.285094374681121,10.125
1040,-1.2198561297873625,9.0
1041,-0.7062838572725619,9.0
1042,-0.864882094664507,8.4375
1043,-1.20302279077175,10.6875
1044,-0.8754973613373712,10.125
1045,-0.48050863880459693,5.625
1046,0.19183591754805152,6.1875
1047,1.2895393430444033,6.1875
1048,1.9491678586389651,6.75
1049,2.1716928794590924,7.3125
1050,2.683523856700279,8.4375
1051,3.4273027642819462,8.4375
1052,3.088545025398485,9.5625
1053,3.268292690425943,10.125
1054,3.990028920496317,11.25
1055,4.552384050477966,11.8125
1056,4.667711385384583,13.5
1057,4.944900955451548,14.0625
1058,5.189214780964242,15.1875
1059,5.505103967117036,15.1875
1060,5.183560839529197,15.1875
1061,5.499359849837242,15.75
1062,5.458276302452197,15.75
1063,5.395359211683572,16.3125
1064,5.909830621561627,16.875
1065,5.666777929199527,16.875
1066,4.9986616581365055,16.875
1067,4.65387352342735,17.4375
1068,4.202925246213528,16.3125
1069,3.999165665114763,16.875
1070,3.777678659990772,16.3125
1071,4.202078799884293,14.625
1072,3.935658687026277,12.9375
1073,3.7507871581136314,10.6875
1074,2.984186758145176,11.25
1075,2.490615308985171,10.125
1076,2.089737554490047,10.6875
1077,1.440727940595078,9.0
1078,1.0780143293033342,9.0
1079,0.3422592651520442,10.125
1080,0.2930149648109375,7.875
1081,0.4984646249644473,8.4375
1082,0.029366551135476815,7.875
1083,-0.2768012805218387,6.75
1084,-0.1245199690960217,8.4375
1085,-0.11891410633490085,7.875
1086,-0.0632010550835278,7.875
1087,0.2611930271215235,7.875
1088,0.48864653118317425,7.875
1089,1.2109050547192817,7.875
1090,1.4028871698243808,7.875
1091,1.6230418285775314,9.0
1092,1.4569341245885365,9.0
1093,1.781912191755281,10.6875
1094,2.255225085278423,11.25
1095,2.6656592457317156,12.9375
1096,2.794064286489898,13.5
1097,3.092479545323271,14.0625
1098,2.6852336287906082,14.625
1099,2.8127487494682635,10.6875
1100,3.2521632142853294,11.25
1101,3.8754499238771283,12.375
1102,3.9956005903555427,12.9375
1103,4.853141622569499,13.5
1104,5.133233742803705,13.5
1105,5.139486095450356,13.5
1106,5.4474918089179605,12.9375
1107,5.474338319299679,11.8125
1108,5.185758226795454,12.375
1109,5.009495133738687,11.8125
1110,4.517440236404769,11.25
1111,3.837121557138297,10.6875
1112,3.0029162800568896,9.5625
1113,3.3612719031553384,9.5625
1114,3.735952279408176,9.0
1115,3.8377953721921143,6.75
1116,3.311496450394543,7.3125
1117,2.4272235536255096,6.1875
1118,1.7072344544981368,5.625
1119,1.3933294757952737,4.5
1120,0.5073061560429859,5.0625
1121,-0.12656916869441104,6.1875
1122,-0.30938003987948504,5.625
1123,0.18502263533692753,5.625
1124,0.5189710926911697,6.75
1125,1.1167883323292183,6.75
1126,0.36811740228697487,7.3125
1127,-0.16811650480285723,7.3125
1128,-0.05755208146129265,8.4375
1129,-0.17744729113558044,8.4375
1130,0.4130153710019562,9.0
1131,1.3202960418251661,10.125
1132,1.9363696626424696,10.6875
1133,2.1650881614429682,11.25
1134,2.199706499920472,11.25
1135,2.7483978623800702,14.0625
1136,2.8123905467858688,10.125
1137,2.7315525630150272,11.25
1138,2.4695735198057234,11.8125
1139,2.662479813110556,12.375
1140,3.0501974814489374,12.9375
1141,3.516492590075721,12.9375
1142,4.3408629562022885,12.9375
1143,4.348102949387571,11.8125
1144,4.7779121064018915,11.25
1145,4.98495244472097,11.25
1146,4.555377622613562,11.25
1147,4.478188468494581,11.8125
1148,3.8866179159826233,11.25
1149,3.4126265875096706,11.25
1150,3.4121875877604513,10.6875
1151,3.277381058783563,10.6875
1152,3.0593469230653385,10.125
1153,3.2092610176804888,10.125
1154,3.4704924598354294,10.125
1155,3.194022131898259,10.125
1156,2.6769302049530017,10.125
1157,2.8081716726933914,9.5625
1158,2.2886730261982953,9.5625
1159,2.21596013286661,9.5625
1160,2.3671491551003347,9.0
1161,2.1099935987582503,9.0
1162,1.6095474879469747,10.6875
1163,1.0052077101031254,10.6875
1164,1.31561934960041,9.5625
1165,1.2686201096910465,9.5625
1166,1.2059276780790682,9.5625
1167,1.4639798298588282,9.5625
1168,1.2499437417500527,9.5625
1169,1.6675688862821854,9.5625
1170,2.0209900370670955,9.5625
1171,2.1343789168040894,10.125
1172,2.340704347829967,9.5625
1173,2.579566818511646,9.5625
1174,2.926887203784294,10.6875
1175,3.167944028133335,11.25
1176,3.347786058377907,10.6875
1177,3.436515007845297,11.8125
1178,3.4072275660045532,10.6875
1179,3.29081495652384,11.25
1180,3.3938279964519893,11.25
1181,3.166049034358502,11.25
1182,3.5524497813121956,11.25
1183,3.016030452567069,11.8125
1184,3.238251367998438,10.125
1185,3.502493717660836,10.125
1186,3.079473680431806,10.6875
1187,2.992007357394921,10.6875
1188,3.0720028095714875,9.5625
1189,3.2980510010987922,9.5625
1190,3.331627183646802,9.5625
1191,3.2524015817087655,9.5625
1192,3.5543583956552567,9.5625
1193,3.4219956129972324,7.875
1194,3.5774942362567126,8.4375
1195,3.145145354345816,8.4375
1196,2.816214327657949,7.875
1197,2.8540416392100587,7.875
1198,2.48636009648229,9.0
1199,2.6816812288565792,9.0
1200,2.160967072343891,9.0
1201,2.329698477599937,9.0
1202,2.036537856106526,9.5625
1203,2.2067727242177115,9.5625
1204,1.7935897928947442,9.5625
1205,2.023330077578505,9.0
1206,2.0549111268696754,9.5625
1207,1.984182236035852,9.0
1208,2.4807508154722884,9.5625
1209,2.167679736956609,10.125
1210,2.2219077030303396,9.5625
1211,2.547248580305979,9.5625
1212,2.729343208318773,9.5625
1213,2.477665210105272,10.125
1214,2.700193737717991,10.125
1215,3.221565980162727,9.5625
1216,3.2565028794121442,9.5625
1217,3.3951851502550427,9.0
1218,3.4575990548055193,8.4375
1219,2.897491541740414,8.4375
1220,2.8130185468001416,8.4375
1221,3.1263653515687464,7.3125
1222,3.0561938235391466,7.3125
1223,3.386500046087357,7.3125
1224,3.3360769468148144,4.5
1225,3.4561142164457372,4.5
1226,3.597617163584615,4.5
1227,3.6094313080901,4.5
1228,3.375859128912208,4.5
1229,3.6191758083449166,4.5
1230,3.747449479639063,4.5
1231,3.284424375727818,4.5
1232,3.4937885917484257,4.5
1233,3.56042314280415,4.5
1234,3.3090800340233377,2.8125
1235,3.223223506124107,3.375
1236,3.2903504854571954,3.375
1237,2.49250837969082,3.375
1238,2.706359815672249,3.375
1239,2.559055943757672,3.375
1240,2.520351863083911,3.375
1241,2.2241345215312256,3.375
1242,2.4765729668519683,3.375
1243,2.5493955737394485,3.375
1244,2.3666511151990806,3.375
1245,2.73349680275817,3.375
1246,2.7876322414913295,3.375
1247,2.682536464575401,3.375
1248,2.6524195966377375,3.375
1249,2.831978075938813,3.375
1250,2.9248648575697214,3.9375
1251,2.9598928395158266,4.5
1252,3.2019004672950135,4.5
1253,3.2107812716162547,4.5
1254,2.923245697970134,4.5
1255,2.8935333947384327,4.5
1256,2.862025221535373,4.5
1257,3.026323605023941,4.5
1258,2.9774632985913136,0.0
1259,3.2036077548567556,0.0
1260,2.8531536754238918,0.0
1261,2.979264888969241,0.0
1262,3.2101320633333277,0.0
1263,3.2072554498005834,0.0
1264,3.305272150161988,0.0
1265,3.0160578754007012,0.0
1266,2.78126071396602,0.0
1267,3.214698977947994,0.0
1268,3.1763454898351924,0.0
1269,3.2256315291448736,0.0
1270,3.322151481179284,0.0
1271,2.93244437646696,0.0
1272,2.9828955097984737,0.0
1273,3.1747009923585434,0.0
1274,2.689535597907173,0.0
1275,2.7760629268831343,0.0
1276,3.024311111796811,0.0
1277,2.6559508242894942,0.0
1278,3.1997516801617705,0.0
1279,3.4056337467514703,0.0
1280,3.015347612288955,0.0
1281,3.215559658058776,0.0
1282,3.33154275531127,0.0
1283,3.2365365341184225,0.0
1284,2.9642070347212908,0.0
1285,3.2690705972310425,0.0
1286,3.531753195664625,0.0
1287,3.1821678086294147,0.0
1288,3.370615410044512,0.0
1289,3.660460525724348,0.0
1290,3.309113672880599,0.0
1291,3.628107836801605,0.0
1292,3.7063368461887665,0.0
1293,3.4571908843076162,0.0
1294,3.5259948981408984,0.0
1295,3.4133919073052716,0.0
1296,3.412597834145495,0.0
1297,3.4309172821264857,0.0
1298,3.4723820362949356,0.0
1299,3.172757578783872,0.0
1300,3.1950307710286623,0.0
1301,3.3101207059162556,0.0
1302,3.1335324549915198,0.0
1303,3.0426989513139757,0.0
1304,3.329495445890821,0.0
1305,3.056223165321926,0.0
1306,2.792574248643623,0.0
1307,2.9029804393144216,0.0
1308,2.551728979097118,0.0
1309,2.704605159374591,0.0
1310,2.6302645757422214,0.0
1311,2.9275177939186623,0.0
1312,2.3389216260872407,0.0
1313,2.6170072239700595,0.0
1314,2.8817577575187787,0.0
1315,2.541585874599261,0.0
1316,2.490634148243374,0.0
1317,3.0510683388750746,0.0
1318,2.818565144931701,0.0
1319,2.686605732240488,0.0
1320,2.9942727527611757,0.0
1321,2.907570422369103,0.0
1322,2.7095695833921445,0.0
1323,2.9447841633433214,0.0
1324,3.3901368196735007,0.0
1325,3.5717436939881235,0.0
1326,3.3046113473037364,0.0
1327,3.54479409110298,0.0
1328,3.4135712152859403,0.0
1329,3.511925228789334,0.0
1330,3.490801214884679,0.0
1331,3.3257257749810343,0.0
1332,3.85838080717408,0.0
1333,3.815373965842138,0.0
1334,3.4529495085143793,0.0
1335,3.6049017035020094,0.0
1336,3.365906175538056,0.0
1337,3.489191637467087,0.0
1338,3.344638634078863,0.0
1339,3.4552935868389403,0.0
1340,3.1971331255683815,0.0
1341,2.997723877200028,0.0
1342,3.4671205830257543,0.0
1343,2.8379048421284043,0.0
1344,3.2955817285572424,0.0
1345,2.5949980777021544,0.0
1346,2.6316660706104242,0.0
1347,2.8680014622004935,0.0
1348,2.9007669043925297,0.0
1349,2.426667920053987,0.0
1350,2.8815912198012112,0.0
1351,2.6377014165870305,0.0
1352,2.821533646754519,0.0
1353,2.5842098295990903,0.0
1354,2.649967105894201,0.0
1355,2.9233977423588033,0.0
1356,2.7835456732378017,0.0
1357,3.187504149124787,0.0
1358,3.0973721499680984,0.0
1359,3.1053279019795523,0.0
1360,3.088813798712974,0.0
1361,3.235244411065084,0.0
1362,3.0434773463037184,0.0
1363,3.0220633165732798,0.0
1364,2.835620668908928,0.0
1365,2.837584729248947,0.0
1366,3.2546706531402894,0.0
1367,3.4026287362468155,0.0
1368,3.3236675854137374,0.0
1369,3.4395839059023103,0.0
1370,3.2037864170015036,0.0
1371,2.863067174229858,0.0
1372,3.1674938511580377,0.0
1373,2.9124461635367824,0.0
1374,2.798887373120678,0.0
1375,3.023892444958741,0.0
1376,2.9507741553544244,0.0
1377,2.874878932163649,0.0
1378,3.0336934826349484,0.0
1379,2.6963757795664405,0.0
1380,2.7863016776166303,0.0
1381,2.77634340993995,0.0
1382,2.650259479347315,0.0
1383,2.5785808206324248,0.0
1384,3.1479681875788854,0.0
1385,3.050027824267774,0.0
1386,3.16908753425136,0.0
1387,3.299565123865908,0.0
1388,3.3171270094937357,0.0
1389,3.2222435588844167,0.0
1390,3.2978727020072736,0.0
1391,3.16165030337441,0.0
1392,3.328342865910937,0.0
1393,3.6486638688598916,0.0
1394,3.3281498888561796,0.0
1395,3.660240301421415,0.0
1396,3.277674887355638,0.0
1397,3.442568864410422,0.0
1398,3.6931093783400994,0.0
1399,3.398718215750608,0.0
1400,3.309488177185213,0.0
1401,3.25068764588661,0.0
1402,3.302865660233109,0.0
1403,3.292620653459003,0.0
1404,2.9480184217790004,0.0
1405,3.1965362982205603,0.0
1406,2.8111332153847526,0.0
1407,2.6113179269146887,0.0
1408,2.7330012736242697,0.0
1409,2.6788056282078037,0.0
1410,3.001981821930242,0.0
1411,2.916101619541612,0.0
1412,2.92183919651686,0.0
1413,3.0513031702781035,0.0
1414,2.6611853368816902,0.0
1415,2.8145089424887137,0.0
1416,2.5657357630313395,0.0
1417,3.093953239294457,0.0
1418,2.9142502951495253,0.0
1419,2.750514883341638,0.0
1420,2.8860002217955696,0.0
1421,2.852731650553677,0.0
1422,2.813757275121789,0.0
1423,2.8362252828512693,0.0
1424,2.8055794433016628,0.0
1425,3.341114614182195,0.0
1426,3.1616488762607338,0.0
1427,3.3677368653302304,0.0
1428,3.3957148244797324,0.0
1429,3.3006831406864094,0.0
1430,3.3020926788354847,0.0
1431,3.1428015993603022,0.0
1432,3.120384520299278,0.0
1433,3.1750679891213327,0.0
1434,3.063894558780208,0.0
1435,3.4708673122396236,0.0
1436,3.1285840137346943,0.0
1437,3.166434702108206,0.0
1438,3.3460261546627805,0.0
1439,3.202232068472094,0.0
1440,3.1085720195609303,0.0
1441,3.4277017347375214,0.0
1442,3.094982216334224,0.0
1443,3.2662268598440267,0.0
1444,3.2837093191004882,0.0
1445,3.0037923385892764,0.0
1446,2.530518832862409,0.0
1447,2.9747854574193724,0.0
1448,2.843955030342965,0.0
1449,2.5716736274268914,0.0
1450,2.637005591139511,0.0
1451,2.9971001721966175,0.0
1452,2.686208310975746,0.0
1453,2.4350922827541552,0.0
1454,2.6712973907972115,0.0
1455,2.5454221078094514,0.0
1456,2.327417120954313,0.0
1457,2.393475661094582,0.0
1458,2.5263695317985517,0.0
1459,2.602440898300535,0.0
1460,2.488440651713227,0.0
1461,2.555632115186893,0.0
1462,2.3238161707845357,0.0
1463,2.7450018913991796,0.0
1464,2.6113198332101257,0.0
1465,2.45540130278149,0.0
1466,2.8935896816169766,0.0
1467,3.184817372406683,0.0
1468,2.6450177388016796,0.0
1469,2.790738792255616,0.0
1470,2.998940199935052,0.0
1471,2.8618748830727236,0.0
1472,2.868663271020507,0.0
1473,3.244543701958234,0.0
1474,3.0112515158036217,0.0
1475,2.7874679234096407,0.0
1476,3.0235271789412694,0.0
1477,3.0141689959691975,0.0
1478,3.004044854650248,0.0
1479,3.0242849648365713,0.0
1480,3.1195782387570166,0.0
1481,3.0617847163472796,0.0
1482,3.040581192524443,0.0
1483,3.40270532843033,0.0
1484,3.1758199887821386,0.0
1485,3.006126944224115,0.0
1486,2.98960750768111,0.0
1487,2.982073255317566,0.0
1488,3.064703084795811,0.0
1489,3.0980760391911755,0.0
1490,3.333206798283058,0.0
1491,2.7585220800338996,0.0
1492,2.921584957874388,0.0
1493,3.192930657549457,0.0
1494,2.931576222288898,0.0
1495,2.789672190783854,0.0
1496,2.826589768437822,0.0
1497,3.157132358792973,0.0
1498,2.8321511831631234,0.0
1499,3.0523613447414375,0.0
1500,2.856798466145344,0.0
1501,2.624753724551997,0.0
1502,2.571694084331681,0.0
1503,2.454316777496148,0.0
1504,2.3606980808172917,0.0
1505,2.6212150611334266,0.0
1506,2.903661930880019,0.0
1507,2.864231063203893,0.0
1508,2.7135806479352516,0.0
1509,3.2877057162233747,0.0
1510,3.1240155752967214,0.0
1511,3.255582709444435,0.0
1512,3.397580497637983,0.0
1513,3.2990526970908993,0.0
1514,3.5093642919643395,0.0
1515,3.7106167511127,0.0
1516,3.7022816913776806,0.0
1517,3.461633548460391,0.0
1518,3.523953664457655,0.0
1519,3.384212196649921,0.0
1520,3.6456415731318144,0.0
1521,3.476406592628029,0.0
1522,3.6060050107572774,0.0
1523,2.7764366966985454,0.0
1524,3.4520973579204295,0.0
1525,3.2556505821304498,0.0
1526,3.1688822202167897,0.0
1527,3.222744509460644,0.0
1528,3.1274367075074148,0.0
1529,3.032065962548667,0.0
1530,3.096020593789218,0.0
1531,3.038513098688223,0.0
1532,2.686982805699185,0.0
1533,2.802861929721022,0.0
1534,2.7067612963501233,0.0
1535,2.792393407731508,0.0
1536,2.770085839357743,0.0
1537,2.574563051642736,0.0
1538,2.5587342647169766,0.0
1539,2.633996703204142,0.0
1540,2.442938461887386,0.0
1541,2.792843510810589,0.0
1542,2.44139411546157,0.0
1543,2.480362078902827,0.0
1544,2.6404300227850435,0.0
1545,2.780626377139611,0.0
1546,2.8657765608363324,0.0
1547,3.1922359690858704,0.0
1548,3.1083894799463847,0.0
1549,3.2804226149635793,0.0
1550,3.5659580443460586,0.0
1551,3.399905991519229,0.0
1552,3.3332162651991517,0.0
1553,3.0037526379334247,0.0
1554,3.0156817563692933,0.0
1555,3.376548320577683,0.0
1556,3.770345525772119,0.0
1557,3.4287314459851226,0.0
1558,3.326403179103048,0.0
1559,3.569938951656093,0.0
1560,3.1319845646017477,0.0
1561,3.117735530887858,0.0
1562,3.2416829526744673,0.0
1563,3.1663032714570134,0.0
1564,2.6877868573430312,0.0
1565,3.121349494070352,0.0
1566,2.8422696262980525,0.0
1567,2.948486587871053,0.0
1568,2.950963492992173,0.0
1569,2.7599747682850513,0.0
1570,2.757569662050357,0.0
1571,2.601453090262954,0.0
1572,2.4865225487107834,0.0
1573,3.0616595330662078,0.0
1574,3.09817297735969,0.0
1575,2.634032196786677,0.0
1576,2.9884805116799287,0.0
1577,2.9200311498447844,0.0
1578,2.545902517537571,0.0
1579,2.8766475954428667,0.0
1580,2.8594627469665044,0.0
1581,2.735060023096052,0.0
1582,3.270408461903057,0.0
1583,2.640205051645358,0.0
1584,2.7461296799357644,0.0
1585,3.37661590103966,0.0
1586,3.3265962726956726,0.0
1587,3.2998566799990847,0.0
1588,3.2040450527649744,0.0
1589,3.2775289599311384,0.0
1590,3.325517432571557,0.0
1591,3.1479011970789177,0.0
1592,3.6809355498787184,0.0
1593,3.2506688971331803,0.0
1594,3.02487544744496,0.0
1595,2.7801544898535333,0.0
1596,3.3242273787920764,0.0
1597,2.9131583536798704,0.0
1598,2.682310370926327,0.0
1599,2.936939887564299,0.0
1600,2.479937032922396,0.0
1601,2.9927439318823534,0.0
1602,3.401035173842005,0.0
1603,3.005471193900928,0.0
1604,3.2381409884880545,0.0
1605,3.240976572224712,0.0
1606,3.1157448196744957,0.0
1607,2.456669846498925,0.0
1608,2.9915183196319868,0.0
1609,3.072554375704482,0.0
1610,2.843061133387729,0.0
1611,3.1236329837674797,0.0
1612,3.2464504902250395,0.0
1613,2.5393085696712303,0.0
1614,2.9208605146519995,0.0
1615,2.85699098630647,0.0
1616,2.8211577996131574,0.0
1617,2.981563364699583,0.0
1618,3.0789204853971395,0.0
1619,3.1246046468036575,0.0
1620,2.750013537602152,0.0
1621,3.031654473102887,0.0
1622,2.8547954366993045,0.0
1623,3.482201492350799,0.0
1624,3.458365743006908,0.0
1625,3.2247733298554238,0.0
1626,3.548027429770702,0.0
1627,2.9956921590039682,0.0
1628,2.695587553169881,0.0
1629,2.9795030220146357,0.0
1630,3.105366646363356,0.0
1631,2.857956977324595,0.0
1632,3.0443347194601538,0.0
1633,3.0240238526110392,0.0
1634,2.8566611818042045,0.0
1635,2.7628934256010984,0.0
1636,2.744163640864458,0.0
1637,2.5712974741545587,0.0
1638,2.876465325922945,0.0
1639,3.3605513022210154,0.0
1640,2.7201875160563507,0.0
1641,2.9007396626588964,0.0
1642,3.102574724631636,0.0
1643,3.043382338379902,0.0
1644,2.766624759532582,0.0
1645,2.576039998269457,0.0
1646,2.664549469243603,0.0
1647,2.362076977008922,0.0
1648,2.9440380173633143,0.0
1649,2.878180261068965,0.0
1650,2.5166703217283457,0.0
1651,2.985123914379754,0.0
1652,2.7441434398619178,0.0
1653,2.789027053356123,0.0
1654,3.1719857136973886,0.0
1655,2.7285115762996597,0.0
1656,2.9660822147829746,0.0
1657,2.629143876255206,0.0
1658,2.9223812244496115,0.0
1659,2.8164780749916734,0.0
1660,2.6719766657841397,0.0
1661,2.9651744913884537,0.0
1662,2.8781657002372576,0.0
1663,3.082820215455995,0.0
1664,2.991877384912695,0.0
1665,2.8185649964243638,0.0
1666,2.6779499335865644,0.0
1667,2.8859098221204746,0.0
1668,3.0799395059771895,0.0
1669,3.249042537385572,0.0
1670,3.0228105460725114,0.0
1671,2.7345997673821305,0.0
1672,2.641146880780412,0.0
1673,3.131343099276574,0.0
1674,2.9473637114987037,0.0
1675,2.940889996085774,0.0
1676,2.8720073729443287,0.0
1677,2.7320096712628974,0.0
1678,2.695776543496197,0.0
1679,2.4862532782533906,0.0
1680,2.795392737308128,0.0
1681,2.559301343465852,0.0
1682,2.7856495422613685,0.0
1683,2.602248228735739,0.0
1684,2.5850176371084723,0.0
1685,2.7728682884381444,0.0
1686,3.043595558205407,0.0
1687,2.8077511606697545,0.0
1688,2.6964618069634385,0.0
1689,3.281439154285094,0.0
1690,3.072057012625481,0.0
1691,3.3475647153910204,0.0
1692,2.8945974630301707,0.0
1693,3.1480842435091896,0.0
1694,3.2660381976020894,0.0
1695,3.439776454319551,0.0
1696,3.146238293832698,0.0
1697,2.7172006300611695,0.0
1698,3.015358054284685,0.0
